Sequence Name,1,2,3,4,5,6,7,8,9,10,11,12,13,14,15,16,17,18,19,20,21,22,23,24,25,26,27,28,29,30,31,32,33,34,35,36,37,38,39,40,41,42,43,44,45,46,47,48,49,50,51,52,53,54,55,56,57,58,59,60,61,62,63,64,65,66,67,68,69,70,71,72,73,74,75,76,77,78,79,80,81,82,83,84,85,86,87,88,89,90,91,92,93,94,95,96,97,98,99,100,101,102,103,104,105,106,107,108,109,110,111,112,113,114,115,116,117,118,119,120,121,122,123,124,125,126,127,128,129,130,131,132,133,134,135,136,137,138,139,140,141,142,143,144,145,146,147,148,149,150,151,152,153,154,155,156,157,158,159,160,161,162,163,164,165,166,167,168,169,170,171,172,173,174,175,176,177,178,179,180,181,182,183,184,185,186,187,188,189,190,191,192,193,194,195,196,197,198,199,200,201,202,203,204,205,206,207,208,209,210,211,212,213,214,215,216,217,218,219,220,221,222,223,224,225,226,227,228,229,230,231,232,233,234,235,236,237,238,239,240,241,242,243,244,245,246,247,248,249,250,251,252,253,254,255,256,257,258,259,260,261,262,263,264,265,266,267,268,269,270,271,272,273,274,275,276,277,278,279,280,281,282,283,284,285,286,287,288
Ref Sequence,F,L,D,G,I,D,K,A,Q,E,E,H,E,K,Y,H,S,N,W,R,A,M,A,S,D,F,N,L,P,P,V,V,A,K,E,I,V,A,S,C,D,K,C,Q,L,K,G,E,A,M,H,G,Q,V,D,C,S,P,G,I,W,Q,L,D,C,T,H,L,E,G,K,I,I,L,V,A,V,H,V,A,S,G,Y,I,E,A,E,V,I,P,A,E,T,G,Q,E,T,A,Y,F,L,L,K,L,A,G,R,W,P,V,K,T,I,H,T,D,N,G,S,N,F,T,S,T,T,V,K,A,A,C,W,W,A,G,I,K,Q,E,F,G,I,P,Y,N,P,Q,S,Q,G,V,V,E,S,M,N,K,E,L,K,K,I,I,G,Q,V,R,D,Q,A,E,H,L,K,T,A,V,Q,M,A,V,F,I,H,N,F,K,R,K,G,G,I,G,G,Y,S,A,G,E,R,I,V,D,I,I,A,T,D,I,Q,T,K,E,L,Q,K,Q,I,T,K,I,Q,N,F,R,V,Y,Y,R,D,S,R,D,P,L,W,K,G,P,A,K,L,L,W,K,G,E,G,A,V,V,I,Q,D,N,S,D,I,K,V,V,P,R,R,K,A,K,I,I,R,D,Y,G,K,Q,M,A,G,D,D,C,V,A,S,R,Q,D,E,D
"DQ168573.1 HIV-1 isolate 01NGPL0567 from Nigeria gag protein (gag) and pol protein (pol) genes, partial cds; and vif protein (vif), vpr protein (vpr), tat protein (tat), rev protein (rev), vpu protein (vpu), envelope glycoprotein (env), and nef protein (nef) genes, complete cds",-,-,-,-,-,-,R,-,-,-,-,-,-,R,-,-,N,-,-,-,-,-,-,-,-,-,-,-,-,-,I,-,-,-,-,-,-,-,N,-,-,-,-,-,-,-,-,-,-,-,-,-,-,-,-,-,-,-,-,-,-,-,-,-,-,-,-,-,-,-,-,-,-,-,-,-,-,-,-,-,-,-,-,-,-,-,-,-,-,-,-,-,-,-,-,-,-,-,-,-,-,-,-,-,-,A,-,-,-,-,-,V,-,-,-,-,-,-,-,-,-,-,-,N,V,-,-,-,-,-,-,-,-,N,-,T,-,-,-,-,-,-,-,-,-,-,-,-,-,-,-,-,-,-,-,-,-,-,-,-,-,-,Q,-,-,-,-,-,-,-,-,-,-,-,-,-,-,-,-,-,-,-,-,-,-,-,-,-,-,-,-,-,-,-,-,-,-,-,-,-,I,-,-,-,-,S,-,-,-,-,-,-,-,-,-,-,-,N,-,-,-,-,-,-,-,-,F,-,-,-,-,-,-,I,-,-,-,-,-,-,-,-,-,-,-,-,-,-,-,-,-,-,-,-,N,E,-,-,-,-,-,-,-,-,-,-,-,-,-,-,-,-,-,-,-,-,-,-,-,-,-,-,G,-,-,E,-,-
"DQ168575.1 HIV-1 isolate 01NGPL0674 from Nigeria gag protein (gag) and pol protein (pol) genes, partial cds; and vif protein (vif), vpr protein (vpr), tat protein (tat), rev protein (rev), vpu protein (vpu), envelope glycoprotein (env), and nef protein (nef) genes, complete cds",-,-,-,-,-,-,-,-,-,-,-,-,-,R,-,-,-,-,-,-,-,-,-,-,-,-,-,-,-,-,I,-,-,-,-,-,-,-,-,-,-,-,-,-,-,-,-,-,-,-,-,-,-,-,-,-,-,-,-,-,-,-,-,-,-,-,-,-,-,-,-,-,-,-,-,-,-,-,-,-,-,-,-,-,-,-,-,-,-,S,-,A,-,-,-,-,-,-,F,-,I,-,-,-,-,-,-,-,-,-,-,I,-,-,-,-,-,-,-,-,-,-,-,-,K,-,-,-,-,-,-,-,-,N,-,T,-,-,-,-,-,-,-,-,-,-,-,-,-,-,-,-,-,-,-,-,-,-,-,-,-,-,-,-,-,-,-,-,-,-,-,-,-,-,-,-,-,-,-,-,-,-,-,-,-,-,-,-,-,-,-,-,-,-,-,-,-,-,-,-,I,-,-,-,-,S,-,-,-,-,-,-,-,-,-,-,-,-,-,-,-,-,-,-,-,-,-,-,-,-,-,-,-,I,-,-,-,-,-,-,-,-,-,-,-,-,-,-,-,-,-,-,-,-,N,E,-,-,-,-,-,-,-,-,-,-,-,-,-,-,-,-,-,-,-,-,-,-,-,-,-,-,-,-,-,-,-,-
"DQ168576.1 HIV-1 isolate 01NGPL0669 from Nigeria gag protein (gag) and pol protein (pol) genes, partial cds; and vif protein (vif), vpr protein (vpr), tat protein (tat), rev protein (rev), vpu protein (vpu), envelope glycoprotein (env), and nef protein (nef) genes, complete cds",-,-,-,-,-,-,-,-,-,-,-,-,-,R,-,-,-,-,-,-,-,-,-,N,-,-,-,-,-,-,-,-,-,-,-,-,-,-,-,-,-,-,-,-,-,-,-,-,-,-,-,-,-,-,-,-,-,-,-,-,-,-,-,-,-,-,-,-,-,-,-,-,-,-,-,-,-,-,-,-,-,-,-,-,-,-,-,-,-,-,-,-,-,-,-,-,-,-,-,-,I,-,-,-,-,-,-,-,-,-,-,V,-,-,-,-,-,-,-,-,-,-,-,S,A,-,-,-,-,-,-,-,-,S,-,T,-,-,-,-,-,-,-,-,-,-,-,-,-,-,-,-,-,-,-,-,-,-,-,-,-,-,-,-,-,-,-,-,-,-,-,-,-,-,-,-,-,-,-,-,-,-,-,-,-,-,-,-,-,-,-,-,-,-,-,-,-,-,-,-,I,-,-,-,-,S,-,-,-,-,-,-,-,-,-,-,-,-,-,-,-,-,-,-,-,-,-,-,-,-,-,-,-,I,-,-,-,-,-,-,-,-,-,-,-,-,-,-,-,-,-,-,-,-,-,E,-,-,-,-,-,-,-,-,-,-,-,-,-,-,-,-,-,-,-,-,-,-,-,-,-,-,G,-,-,-,-,-
"DQ168577.1 HIV-1 isolate 01NGPL0710 from Nigeria gag protein (gag) and pol protein (pol) genes, partial cds; and vif protein (vif), vpr protein (vpr), tat protein (tat), rev protein (rev), vpu protein (vpu), envelope glycoprotein (env), and nef protein (nef) genes, complete cds",-,-,-,-,-,-,-,-,-,-,D,-,-,R,-,-,-,-,-,-,-,-,-,-,-,-,-,-,-,-,I,-,-,R,-,-,-,-,-,-,-,-,-,-,-,-,-,-,-,I,-,-,-,-,-,-,G,-,-,-,-,-,-,-,-,-,-,-,-,-,-,-,-,-,-,-,-,-,-,-,-,-,-,-,-,-,-,-,-,-,S,-,-,-,-,-,-,-,-,-,I,-,-,-,-,-,-,-,-,-,R,V,-,-,-,-,-,-,-,-,-,-,-,A,A,-,-,-,-,-,-,-,-,N,-,T,-,-,-,-,-,-,-,-,-,-,-,-,-,-,-,-,-,-,-,-,-,-,-,-,-,-,-,-,-,-,-,-,-,-,-,-,-,-,-,-,-,-,-,-,-,-,-,-,-,-,-,-,-,-,-,-,-,-,-,-,-,-,-,-,I,-,-,-,-,S,-,-,-,-,-,-,-,-,-,-,-,-,-,-,-,-,-,-,-,-,-,-,-,-,-,-,-,I,-,-,-,-,-,-,-,-,-,-,-,-,-,-,-,-,-,-,-,-,-,E,-,-,-,-,-,-,-,-,-,-,-,-,-,-,-,-,-,-,-,-,-,-,-,-,-,-,G,-,-,-,-,-
"DQ168578.1 HIV-1 isolate 01NGPL0754 from Nigeria gag protein (gag) and pol protein (pol) genes, partial cds; and vif protein (vif), vpr protein (vpr), tat protein (tat), rev protein (rev), vpu protein (vpu), envelope glycoprotein (env), and nef protein (nef) genes, complete cds",-,-,-,-,-,-,-,-,-,-,-,-,-,R,-,-,-,-,-,-,-,-,-,-,-,-,-,-,-,-,-,-,-,-,-,-,-,-,-,-,-,-,-,-,-,-,-,-,-,-,-,-,-,-,-,-,-,-,-,-,-,-,-,-,-,-,-,-,-,-,-,V,-,-,-,-,-,-,-,-,-,-,-,-,-,-,-,-,-,-,-,-,-,-,-,-,-,-,-,-,I,-,-,-,-,-,-,-,-,-,-,V,-,-,-,-,-,-,-,-,-,-,-,A,A,-,-,-,-,-,-,-,-,N,V,T,-,-,-,-,-,-,-,-,-,-,-,-,-,-,-,-,-,-,-,-,-,-,-,-,-,-,-,-,-,-,-,-,-,-,-,-,-,-,-,-,-,-,-,-,-,-,-,-,-,-,-,-,-,-,-,-,-,-,-,-,-,-,-,-,I,-,-,-,-,S,-,-,-,-,-,-,-,-,-,-,-,-,-,-,-,-,-,-,-,-,-,-,-,-,-,-,-,I,-,-,-,-,-,-,-,-,-,-,-,-,-,-,-,-,-,-,H,-,-,E,-,-,-,-,-,-,-,-,V,-,-,-,K,-,-,-,-,-,-,-,-,-,-,-,-,-,G,-,-,-,-,-
"DQ168579.1 HIV-1 isolate 01NGPL0760 from Nigeria gag protein (gag) and pol protein (pol) genes, partial cds; vif protein (vif), vpr protein (vpr), tat protein (tat), rev protein (rev), vpu protein (vpu), and envelope glycoprotein (env) genes, complete cds; and nef protein (nef) gene, partial cds",-,-,-,-,-,-,-,-,-,-,-,-,-,R,-,-,-,-,-,-,-,-,-,-,-,-,-,-,-,-,I,-,-,-,-,-,-,-,-,-,-,-,-,-,-,-,-,-,-,V,-,-,-,-,-,-,-,-,-,-,-,-,-,-,-,-,-,-,-,-,-,-,-,-,-,-,-,-,-,-,-,-,-,-,-,-,-,-,-,-,-,-,-,-,-,-,-,-,-,-,I,-,-,-,-,-,-,-,-,-,-,V,-,-,-,-,-,-,-,-,-,-,-,N,-,-,-,-,-,-,-,-,-,N,-,T,-,-,-,-,-,-,-,-,-,-,-,-,-,-,-,-,-,-,-,-,-,-,-,-,-,V,-,-,-,-,-,-,-,-,-,-,-,-,-,-,-,-,-,-,-,-,-,-,-,-,-,-,-,-,-,-,-,-,-,-,-,-,-,-,I,-,-,-,-,S,-,L,-,-,-,-,-,-,-,-,-,-,-,-,-,-,-,-,-,-,-,-,-,-,-,-,-,I,-,-,-,-,-,-,-,-,-,-,-,-,-,-,-,-,-,-,-,-,N,E,-,-,-,-,-,-,-,-,-,-,-,-,-,-,-,-,-,-,-,-,-,-,-,-,-,-,G,-,-,-,-,-
"JN248580.1 HIV-1 isolate 06NG.SC11 from Nigeria gag protein (gag) and pol protein (pol) genes, partial cds; vif protein (vif), vpr protein (vpr), and tat protein (tat) genes, complete cds; nonfunctional rev protein (rev) gene, complete sequence; and vpu protein (vpu), envelope glycoprotein (env), and nef protein (nef) genes, complete cds",-,-,-,-,-,-,-,-,-,-,-,-,-,R,-,-,-,-,-,-,-,-,-,-,-,-,-,-,-,-,I,-,-,-,-,-,-,-,-,-,-,-,-,-,-,-,-,-,-,-,-,-,-,-,-,-,-,-,-,-,-,-,-,-,-,-,-,-,-,-,-,-,-,-,-,-,-,-,-,-,-,-,-,-,-,-,-,-,-,-,-,-,-,-,-,-,-,-,-,-,I,-,-,-,-,-,-,-,-,-,R,V,-,-,-,-,-,-,-,-,-,-,-,A,A,-,-,-,-,-,-,-,-,N,V,T,-,-,-,-,-,-,-,-,-,-,-,-,-,-,-,-,-,-,-,-,-,-,-,-,-,-,-,-,-,-,-,-,-,-,-,-,-,-,-,-,-,-,-,-,-,-,-,-,-,-,-,-,-,-,-,-,-,-,-,-,-,-,-,-,I,-,-,-,-,S,-,-,-,-,-,-,-,-,-,-,-,-,-,-,-,-,-,-,-,-,-,-,-,-,-,-,-,I,-,-,-,-,-,-,-,-,-,-,-,-,-,-,-,-,-,-,-,-,-,E,-,-,-,-,-,-,-,-,-,-,-,-,-,-,-,-,Q,-,-,-,-,-,-,-,-,-,G,-,-,N,-,-
"JN248582.1 HIV-1 isolate 08NG.SC13 from Nigeria nonfunctional gag protein (gag) gene, partial sequence; pol protein (pol) gene, partial cds; and vif protein (vif), vpr protein (vpr), tat protein (tat), rev protein (rev), vpu protein (vpu), envelope glycoprotein (env), and nef protein (nef) genes, complete cds",-,-,-,-,-,-,-,-,-,-,-,-,-,R,-,-,-,-,-,-,-,-,-,-,-,-,-,-,-,-,-,-,-,R,-,-,-,-,-,-,-,-,-,-,-,-,-,-,-,-,-,-,-,-,-,-,-,-,-,-,-,-,-,-,-,-,-,-,-,-,-,-,-,I,-,-,-,-,-,-,-,S,-,-,-,-,-,-,-,-,-,-,-,-,-,-,-,-,-,-,I,-,-,-,-,-,-,-,-,-,-,-,-,-,-,-,-,-,-,-,-,-,-,N,-,-,-,-,-,-,-,-,-,N,-,T,-,-,-,-,-,-,-,-,-,-,-,-,-,-,-,-,-,-,-,-,-,-,-,-,-,-,-,-,-,-,-,-,-,-,-,-,-,-,-,-,-,-,-,-,-,-,-,-,-,-,-,-,-,-,-,-,-,-,-,-,-,-,-,-,I,-,-,-,-,S,-,-,-,-,-,-,-,-,-,-,-,-,-,-,-,-,-,-,-,-,-,-,-,-,-,-,-,I,-,-,-,-,-,-,-,-,-,-,-,-,-,-,-,-,-,-,-,-,-,E,-,-,-,-,-,-,-,-,-,-,-,-,-,-,-,-,-,-,V,-,-,-,-,-,-,-,G,-,-,A,-,-
"JN248584.1 HIV-1 isolate 09NG.SC21 from Nigeria nonfunctional gag protein (gag) gene, partial sequence; pol protein (pol) gene, partial cds; vif protein (vif), vpr protein (vpr), tat protein (tat), rev protein (rev), and vpu protein (vpu) genes, complete cds; nonfunctional env protein (env) gene, complete sequence; and nef protein (nef) gene, complete cds",-,-,-,-,-,-,-,-,-,-,D,-,-,R,-,-,-,-,-,-,-,-,-,-,-,-,-,-,-,-,I,-,-,-,-,-,-,-,-,-,-,-,-,-,-,-,-,-,-,-,-,-,-,-,-,-,-,-,-,-,-,-,-,-,-,-,-,-,-,-,-,-,-,I,-,-,-,-,-,-,-,-,-,-,-,-,-,-,-,-,-,-,-,-,-,-,-,-,F,-,I,-,-,-,-,-,-,-,-,-,-,V,V,-,-,-,-,-,P,-,-,-,-,A,A,-,-,-,-,-,-,-,-,D,-,T,-,-,-,-,-,-,-,-,-,-,-,-,-,-,-,-,-,-,-,-,-,-,-,-,-,-,-,-,-,-,-,-,-,-,-,-,-,-,-,-,-,-,-,-,-,-,-,-,-,-,-,-,-,-,-,-,-,-,-,-,-,-,-,-,I,-,-,-,-,S,-,L,-,-,R,-,-,-,-,-,-,I,-,-,-,-,-,-,-,-,-,-,-,-,-,-,-,I,-,-,-,-,-,-,-,-,-,-,-,-,-,-,-,-,-,-,-,-,N,E,-,-,-,-,-,-,-,-,T,-,-,-,K,-,-,-,-,-,-,-,-,G,-,-,-,-,G,-,-,-,-,-
"JN248585.1 HIV-1 isolate 09NG.SC24 from Nigeria nonfunctional gag protein (gag) gene, partial sequence; pol protein (pol) gene, partial cds; vif protein (vif) and vpr protein (vpr) genes, complete cds; nonfunctional tat protein (tat) gene, complete sequence; and rev protein (rev), vpu protein (vpu), envelope glycoprotein (env), and nef protein (nef) genes, complete cds",-,-,-,-,-,-,-,-,-,-,-,-,-,R,-,-,-,-,-,-,-,-,-,-,-,-,-,-,-,-,I,-,-,-,-,-,-,-,-,-,-,-,-,-,-,-,-,-,-,-,-,-,-,-,-,-,-,-,-,-,-,-,-,-,-,-,-,-,-,-,-,-,-,-,-,-,-,-,-,-,-,-,-,-,-,-,-,-,-,-,-,-,-,-,-,-,-,-,-,-,I,-,-,-,-,-,-,-,-,IV,-,I,-,-,-,-,-,-,-,-,-,-,-,A,A,-,-,-,-,-,-,-,-,N,-,T,-,-,-,-,-,-,-,-,-,-,-,-,-,-,-,-,-,-,-,-,-,-,-,-,-,-,-,-,-,-,E,-,-,-,-,-,-,-,-,-,-,-,-,-,-,-,-,-,-,-,-,-,-,-,-,-,R,-,-,-,-,-,-,-,I,-,-,-,-,S,-,-,-,-,-,-,-,-,-,-,-,-,-,-,-,-,-,-,-,-,-,-,-,-,-,-,-,I,-,-,-,-,-,-,-,-,-,-,-,-,-,-,-,-,-,-,-,-,-,-,-,-,-,-,-,-,-,-,V,-,-,-,-,-,-,-,-,-,-,-,-,-,-,-,-,-,G,-,-,-,-,-
"JN248586.1 HIV-1 isolate 09NG.SC26 from Nigeria nonfunctional gag protein (gag) gene, partial sequence; pol protein (pol) gene, partial cds; vif protein (vif), vpr protein (vpr), tat protein (tat), rev protein (rev), vpu protein (vpu), and envelope glycoprotein (env) genes, complete cds; and nonfunctional nef protein (nef) gene, complete sequence",-,-,-,-,-,-,-,-,-,-,-,-,-,-,-,-,N,-,-,-,-,-,-,-,-,-,-,-,-,-,I,-,-,-,-,-,-,-,-,-,-,-,-,-,-,-,-,-,-,-,-,-,-,-,-,-,-,-,-,-,-,-,-,-,-,-,-,-,-,-,-,-,-,-,-,-,-,-,-,-,-,-,-,-,-,-,-,-,-,-,-,-,-,-,-,-,-,-,-,-,I,-,-,-,-,-,-,-,-,-,-,I,-,-,-,-,-,-,-,-,-,-,-,N,-,-,-,-,-,-,-,-,-,N,-,T,-,-,-,-,-,-,-,-,-,-,-,-,-,-,-,-,-,-,-,-,-,-,-,-,-,-,-,-,-,-,-,-,-,-,-,-,-,-,-,-,-,-,-,-,-,-,-,-,-,-,-,-,-,-,-,-,-,-,-,-,-,-,-,-,I,-,-,-,-,S,-,L,-,-,-,-,-,-,-,-,-,-,-,-,-,-,-,-,-,-,-,-,-,-,-,-,-,I,-,-,-,-,-,-,-,-,-,-,-,-,-,-,-,-,-,-,-,-,N,E,-,-,-,-,-,-,-,-,-,-,-,-,-,-,-,-,-,-,-,-,-,-,-,-,-,-,G,-,-,A,-,-
"JN248587.1 HIV-1 isolate 09NG.SC27 from Nigeria gag protein (gag) and pol protein (pol) genes, partial cds; and vif protein (vif), vpr protein (vpr), tat protein (tat), rev protein (rev), vpu protein (vpu), envelope glycoprotein (env), and nef protein (nef) genes, complete cds",-,-,-,-,-,-,-,-,-,-,-,-,-,R,-,-,-,-,-,-,-,-,-,-,-,-,-,-,-,-,I,-,-,-,-,-,-,-,-,-,-,-,-,-,-,-,-,-,-,-,-,-,-,-,-,-,-,-,-,-,-,-,-,-,-,-,-,-,-,-,-,-,-,-,-,-,-,-,-,-,-,-,-,-,-,-,-,-,-,-,-,-,-,-,-,-,-,-,-,-,I,-,-,-,-,-,-,-,-,-,-,V,-,-,-,-,-,-,-,-,-,-,-,S,A,-,-,-,-,-,-,-,-,N,-,-,-,-,-,-,-,-,-,-,-,-,-,-,-,-,-,-,-,-,-,-,-,-,-,-,-,-,-,-,-,-,E,-,-,-,-,-,-,-,-,-,-,-,-,-,-,-,-,-,-,-,-,-,-,-,-,-,-,-,-,-,-,-,-,-,I,-,-,-,-,S,-,-,-,-,-,-,-,-,-,-,-,-,-,-,-,-,-,-,-,-,-,-,-,-,-,-,-,I,-,-,-,-,-,-,-,-,-,-,-,-,-,-,-,-,-,-,-,-,-,-,-,-,-,-,-,-,-,-,V,-,-,-,-,-,-,-,-,-,-,-,-,-,-,-,-,-,G,-,-,-,-,-
"JN248589.1 HIV-1 isolate 09NG.SC29 from Nigeria nonfunctional gag protein (gag) gene, partial sequence; pol protein (pol) gene, partial cds; and vif protein (vif), vpr protein (vpr), tat protein (tat), rev protein (rev), vpu protein (vpu), envelope glycoprotein (env), and nef protein (nef) genes, complete cds",-,-,-,-,-,-,-,-,-,-,-,-,-,R,-,-,-,-,-,-,-,-,-,N,-,-,-,-,-,-,I,-,-,-,-,-,-,-,-,-,-,-,-,-,-,-,-,-,-,-,-,-,-,-,-,-,G,-,-,-,-,-,-,-,-,-,-,-,-,-,-,V,-,-,-,-,-,-,-,-,-,-,-,-,-,-,-,-,-,-,-,-,-,-,-,-,-,-,-,-,I,-,-,-,-,-,-,-,-,-,-,I,-,-,-,-,-,-,-,-,-,-,-,G,V,-,-,-,-,-,-,-,-,N,V,T,-,-,-,-,-,-,-,-,-,-,-,-,-,-,-,-,-,-,-,-,-,-,-,-,-,-,-,-,-,-,-,-,-,-,-,-,-,-,-,-,-,-,-,-,-,-,-,-,-,-,-,-,-,-,-,-,-,-,-,-,-,-,-,-,I,-,-,-,-,S,-,-,-,-,-,-,-,-,-,-,-,-,-,-,-,-,-,-,-,-,-,-,-,-,-,-,-,I,-,-,-,-,-,-,-,-,-,-,-,-,-,-,-,-,L,-,-,-,-,E,-,-,-,-,-,-,-,-,-,-,-,-,-,-,-,-,-,-,-,-,-,-,-,-,-,-,G,-,-,-,-,-
"JN248590.1 HIV-1 isolate 09NG.SC30 from Nigeria nonfunctional gag protein (gag) gene, partial sequence; pol protein (pol) gene, partial cds; and vif protein (vif), vpr protein (vpr), tat protein (tat), rev protein (rev), vpu protein (vpu), envelope glycoprotein (env), and nef protein (nef) genes, complete cds",-,-,-,-,-,-,-,-,-,-,D,-,-,R,-,-,-,-,-,-,-,-,-,-,-,-,-,-,-,-,I,-,-,-,-,-,-,-,-,-,-,-,-,-,-,-,-,-,-,-,-,-,-,-,-,-,-,-,-,-,-,-,-,-,-,-,-,-,-,-,-,-,-,-,-,-,-,-,-,-,-,-,-,-,-,-,-,-,-,-,-,-,-,-,-,-,-,-,-,-,I,-,-,-,-,-,-,-,-,-,-,V,-,-,-,-,-,-,-,-,-,-,-,A,A,-,-,-,-,-,-,-,-,N,V,T,-,-,-,-,-,-,-,-,-,-,-,-,-,-,-,-,-,-,-,-,-,-,-,-,-,-,-,-,-,-,-,-,-,-,-,-,-,-,-,-,-,-,-,-,-,-,-,-,-,-,-,-,-,-,-,-,-,-,-,-,-,-,-,-,I,-,-,-,-,S,-,-,-,-,R,-,-,-,-,-,-,-,-,-,-,-,-,-,-,-,-,-,-,-,-,-,-,I,-,-,-,-,-,-,-,-,-,-,-,-,-,-,-,-,-,-,-,-,-,E,-,-,-,-,-,-,-,-,V,-,-,-,K,-,-,-,-,-,-,-,-,G,-,-,-,-,G,-,-,-,-,-
"JN248591.1 HIV-1 isolate 09NG.SC31 from Nigeria nonfunctional gag protein (gag) and nonfunctional pol protein (pol) genes, partial sequence; vif protein (vif), vpr protein (vpr), tat protein (tat), rev protein (rev), vpu protein (vpu), and envelope glycoprotein (env) genes, complete cds; and nonfunctional nef protein (nef) gene, complete sequence",-,-,-,-,-,-,-,-,-,-,-,-,-,R,-,-,-,-,-,-,-,-,-,-,-,-,-,-,-,-,I,-,-,-,-,-,-,-,-,-,-,-,-,-,-,-,-,-,-,-,-,-,-,-,-,-,-,-,-,-,-,-,-,-,-,-,-,-,-,-,-,-,-,-,-,-,-,-,-,-,-,-,-,-,-,-,-,-,-,-,-,-,-,-,-,-,-,-,F,-,I,-,-,-,-,A,-,-,-,-,-,-,-,-,-,-,-,-,-,-,-,-,-,S,-,-,-,-,-,-,-,-,-,N,-,T,-,-,-,-,-,-,-,-,-,-,-,-,-,-,-,-,-,-,-,-,-,-,-,-,-,-,-,-,-,-,-,-,-,-,-,-,-,-,-,-,-,-,-,-,-,-,-,-,-,-,-,-,-,-,-,-,-,-,-,-,-,-,-,-,I,-,-,-,-,S,-,-,-,-,-,Q,-,-,-,-,-,-,-,-,-,-,-,-,-,-,-,-,-,-,-,-,-,I,-,-,-,-,-,-,-,-,-,-,-,-,-,-,-,-,-,-,-,-,-,E,-,-,-,-,-,-,-,-,-,-,-,-,-,-,-,-,-,-,-,-,-,-,-,-,-,-,G,G,-,-,-,-
"JN248592.1 HIV-1 isolate 09NG.SC61 from Nigeria nonfunctional gag protein (gag) gene, partial sequence; pol protein (pol) gene, partial cds; vif protein (vif), vpr protein (vpr), tat protein (tat), rev protein (rev), and vpu protein (vpu) genes, complete cds; nonfunctional env protein (env) gene, complete sequence; and nef protein (nef) gene, complete cds",-,-,-,-,-,-,-,-,-,-,-,-,-,R,-,-,-,-,-,-,-,-,-,-,-,-,-,-,-,-,IV,-,-,-,-,-,-,-,-,-,-,-,-,-,-,-,-,-,-,-,-,-,-,-,-,-,-,-,-,-,-,-,-,-,-,-,-,-,-,-,-,-,-,-,-,-,-,-,-,-,-,-,-,-,-,-,-,-,-,-,-,-,-,-,-,-,-,-,-,-,I,-,-,-,-,-,-,-,-,-,-,V,-,-,-,-,-,-,-,-,-,-,-,A,A,-,-,-,-,-,-,-,-,D,V,T,-,-,-,-,-,-,-,-,-,-,-,-,-,-,-,-,-,-,-,-,-,-,-,-,-,-,-,-,-,-,-,-,-,-,-,-,-,-,-,-,-,-,-,-,-,-,-,-,-,-,-,-,-,-,-,-,-,-,-,-,-,-,-,-,I,-,-,-,-,S,-,-,-,-,-,-,-,-,-,-,-,-,Q,-,-,-,-,-,-,-,-,-,-,-,-,-,-,I,-,-,-,-,-,-,-,-,-,-,-,-,-,-,-,-,-,-,-,-,N,-,-,-,-,-,-,-,-,-,-,-,-,-,-,-,-,-,-,-,-,-,-,-,-,-,-,-,G,-,-,-,-,-
"JN248593.1 HIV-1 isolate 09NG.SC62 from Nigeria nonfunctional gag protein (gag) gene, partial sequence; pol protein (pol) gene, partial cds; nonfunctional vif protein (vif) gene, complete sequence; vpr protein (vpr), tat protein (tat), rev protein (rev), vpu protein (vpu), and envelope glycoprotein (env) genes, complete cds; and nonfunctional nef protein (nef) gene, complete sequence",-,-,-,-,-,-,-,-,-,-,D,-,-,R,-,-,-,-,-,-,-,-,-,-,-,-,-,-,-,-,I,-,-,-,-,-,-,-,-,-,-,-,-,-,-,-,-,-,-,-,-,-,-,-,-,-,-,-,-,-,-,-,-,-,-,-,-,-,-,-,-,-,-,-,-,-,-,-,-,-,-,-,-,-,-,-,-,-,-,-,T,-,-,-,-,-,-,-,-,-,I,-,-,-,-,-,-,-,-,-,-,V,-,-,-,-,-,-,-,-,-,-,-,N,-,-,-,-,-,-,-,-,-,N,-,T,-,-,-,-,-,-,-,-,-,-,-,-,-,-,-,-,-,-,-,-,K,-,-,-,-,-,-,-,-,-,-,-,T,-,-,-,-,-,-,-,-,-,-,-,-,-,-,-,-,-,-,-,-,-,-,-,-,-,-,-,-,-,-,-,I,-,-,-,-,S,-,-,-,-,-,-,-,-,-,-,-,-,-,-,-,-,-,-,-,-,-,-,-,-,-,-,-,I,-,-,-,-,-,-,-,-,-,-,-,-,-,-,-,-,-,-,-,-,-,E,-,-,-,-,-,-,-,-,-,-,-,-,-,-,-,-,-,-,-,-,-,-,-,-,-,-,G,-,-,-,-,-
"KX228821.1 HIV-1 isolate Read5_HIV_C from Nigeria, partial genome",-,-,-,-,-,-,-,-,-,-,D,-,-,-,-,-,T,-,-,-,-,-,-,-,E,-,-,-,-,-,I,-,-,-,-,-,I,-,N,-,-,-,-,-,-,-,-,-,-,L,-,-,-,-,-,-,-,-,-,-,-,-,-,-,-,-,-,-,-,-,R,V,-,-,-,-,-,-,-,-,-,-,-,-,-,-,-,-,-,-,-,-,-,-,-,-,-,-,-,Y,I,-,-,-,-,-,-,-,-,-,-,V,-,-,-,-,-,-,P,-,-,-,-,A,A,-,-,-,-,-,-,-,-,-,-,Q,-,-,-,-,-,-,-,-,-,-,-,-,-,-,-,-,-,-,-,-,-,-,-,-,-,-,-,-,I,-,-,-,-,-,-,-,-,-,-,-,-,-,-,-,-,-,-,-,L,-,-,-,-,-,-,-,-,-,-,-,-,-,-,-,I,-,-,-,-,-,-,-,-,-,-,-,-,-,-,-,-,I,-,-,-,-,-,-,-,-,-,-,-,-,-,-,-,I,-,-,-,-,-,-,-,-,-,-,-,-,-,-,-,-,-,-,-,-,-,-,-,-,-,-,-,-,-,-,-,-,-,-,-,-,-,-,-,-,-,-,-,A,-,-,-,-,G,-,-,-,-,-
"KX389608.1 HIV-1 isolate 10NG040248 from Nigeria gag protein (gag) gene, complete cds; pol protein (pol) gene, partial cds; and vif protein (vif), vpr protein (vpr), tat protein (tat), rev protein (rev), vpu protein (vpu), envelope glycoprotein (env), and nef protein (nef) genes, complete cds",-,-,-,-,-,-,-,-,-,-,-,-,-,R,-,-,-,-,-,-,T,-,-,-,-,-,-,-,-,-,-,-,-,-,-,-,-,-,-,-,-,-,-,-,-,-,-,-,-,-,-,-,-,-,-,-,-,-,-,-,-,-,-,-,-,-,-,-,-,-,-,-,-,-,-,-,-,-,-,-,-,-,-,-,-,-,-,-,-,-,-,-,-,-,P,-,-,-,-,-,I,-,-,-,-,-,-,-,-,-,-,V,-,-,-,-,-,-,-,-,-,-,-,A,A,-,-,-,-,-,-,-,-,N,-,T,-,-,-,-,-,-,-,-,-,-,-,-,-,-,-,-,-,-,-,-,-,-,-,-,-,-,-,-,-,-,E,-,-,-,-,-,-,-,-,-,-,-,-,-,-,-,-,-,-,-,-,-,-,-,-,-,-,-,-,-,-,-,-,-,I,-,-,-,-,-,-,-,-,-,-,-,-,-,-,-,-,-,-,-,-,-,-,-,-,-,-,-,-,-,-,-,-,I,-,-,-,-,-,-,-,-,-,-,-,-,-,-,-,-,-,-,-,-,-,-,-,-,-,-,-,-,-,-,-,-,-,-,-,-,-,-,-,-,-,-,-,-,-,-,-,-,G,-,-,-,-,-
"KX389609.1 HIV-1 isolate 10NG030498 from Nigeria gag protein (gag) gene, complete cds; pol protein (pol) gene, partial cds; and vif protein (vif), vpr protein (vpr), tat protein (tat), rev protein (rev), vpu protein (vpu), envelope glycoprotein (env), and nef protein (nef) genes, complete cds",-,-,-,-,-,-,-,-,-,-,-,-,-,R,-,-,-,-,-,-,-,-,-,N,-,-,-,-,-,-,-,-,-,-,-,-,-,-,-,-,-,-,-,-,-,-,-,-,-,-,-,-,-,-,-,-,-,-,-,-,-,-,-,-,-,-,-,-,-,-,-,-,-,-,-,-,-,-,-,-,-,-,-,-,-,-,-,-,-,-,S,-,-,-,-,-,-,-,-,-,I,-,-,-,-,-,-,-,-,-,-,V,-,-,-,-,-,-,R,-,-,-,-,-,A,-,-,-,-,-,-,-,-,N,-,T,-,-,-,-,-,-,-,-,-,-,-,-,-,-,-,-,-,-,-,-,-,-,-,-,-,-,-,-,-,-,E,-,-,-,-,-,-,-,-,-,-,-,-,-,-,-,-,-,-,-,-,-,-,-,-,-,-,-,-,-,-,-,-,-,I,-,-,-,-,S,-,M,-,-,-,-,-,-,-,-,-,S,-,-,-,-,-,-,-,-,-,-,-,-,-,-,-,I,-,-,-,-,-,-,-,-,-,-,-,-,-,-,-,-,-,-,-,-,-,E,-,-,-,-,-,-,-,-,-,-,-,-,-,-,-,-,-,-,-,-,-,-,-,-,M,-,G,-,-,-,-,-
"KX389610.1 HIV-1 isolate 10NG030161 from Nigeria gag protein (gag) gene, complete cds; pol protein (pol) gene, partial cds; and vif protein (vif), vpr protein (vpr), tat protein (tat), rev protein (rev), vpu protein (vpu), envelope glycoprotein (env), and nef protein (nef) genes, complete cds",-,-,-,-,-,-,-,-,-,-,-,-,-,R,-,-,-,-,-,-,-,-,-,-,E,-,-,-,-,-,I,-,-,-,-,-,-,-,-,-,-,-,-,-,-,-,-,-,-,-,-,-,-,-,-,-,-,-,-,-,-,-,-,-,-,-,-,-,-,-,-,-,-,I,-,-,-,-,-,-,-,-,-,-,-,-,-,-,-,-,-,-,-,-,-,-,-,-,-,-,-,-,-,-,-,-,-,-,-,-,-,V,-,-,-,-,-,-,-,-,-,-,-,A,A,-,-,-,-,-,-,-,-,N,V,T,-,-,-,-,-,-,-,-,-,-,-,-,-,-,-,-,-,-,-,-,-,-,-,-,-,-,-,-,-,-,-,-,-,-,-,-,R,-,-,-,-,-,-,-,-,-,-,-,-,-,-,R,-,-,-,-,-,-,-,-,-,-,-,-,I,-,-,-,-,S,-,-,-,-,-,-,-,-,-,N,-,-,-,-,-,-,-,-,-,-,-,-,-,-,-,-,-,I,-,-,-,-,-,-,-,-,-,-,-,-,-,-,-,-,-,-,-,-,-,E,-,-,-,-,-,-,-,-,V,-,-,-,-,-,-,-,-,-,-,-,-,-,-,-,-,-,G,-,-,-,-,N
"KX389611.1 HIV-1 isolate 10NG020545 from Nigeria gag protein (gag) gene, complete cds; pol protein (pol) gene, partial cds; vif protein (vif) and vpr protein (vpr) genes, complete cds; tat protein-like (tat) gene, complete sequence; and rev protein (rev), vpu protein (vpu), envelope glycoprotein (env), and nef protein (nef) genes, complete cds",-,-,-,-,-,-,-,-,-,-,D,-,-,R,-,-,T,-,-,-,-,-,-,-,-,-,-,-,-,-,I,I,-,-,-,-,-,-,C,-,-,-,-,-,-,-,-,-,-,-,-,-,-,-,-,-,-,-,-,-,-,-,-,-,-,-,-,-,-,-,-,V,-,-,-,-,-,-,-,-,-,-,-,-,-,-,-,-,-,-,-,-,-,-,-,-,-,-,-,-,I,-,-,-,-,-,-,-,-,-,-,V,-,-,-,-,-,-,-,-,-,-,-,A,A,-,-,-,-,-,-,-,-,N,V,T,-,-,-,-,-,-,-,-,-,-,-,-,-,-,-,-,-,-,-,-,-,-,-,-,-,-,-,-,-,-,-,-,-,-,-,-,-,-,-,-,-,-,-,-,-,-,-,-,-,-,-,-,-,-,-,-,-,-,-,-,-,-,-,-,I,-,-,-,-,S,-,-,-,-,-,-,-,-,-,-,-,-,-,-,T,-,-,-,-,-,-,-,-,-,-,-,-,I,-,-,-,-,-,-,-,-,-,-,-,-,-,-,-,-,-,-,-,-,-,-,-,-,-,-,-,-,-,-,-,-,-,L,-,-,-,-,-,-,-,-,-,-,-,-,-,-,G,-,-,-,-,-
"KX389612.1 HIV-1 isolate 10NG020523 from Nigeria gag protein (gag) gene, complete cds; pol protein (pol) gene, partial cds; vif protein (vif), vpr protein (vpr), and tat protein (tat) genes, complete cds; rev protein-like (rev) gene, complete sequence; and vpu protein (vpu), envelope glycoprotein (env), and nef protein (nef) genes, complete cds",-,-,-,-,-,E,-,-,-,-,D,-,-,-,-,-,N,-,-,-,-,-,-,-,E,-,-,-,-,-,I,-,-,-,-,-,-,-,-,-,-,-,-,-,-,-,-,-,-,I,-,-,-,-,-,-,-,-,-,-,-,-,-,-,-,-,-,-,-,-,-,-,-,I,-,-,-,-,-,-,-,-,-,-,-,-,-,-,-,-,T,-,-,-,-,-,-,-,-,Y,I,-,-,-,-,-,-,-,-,-,-,V,-,-,-,-,-,-,-,-,-,-,-,A,A,-,-,-,-,-,-,-,-,-,-,Q,-,-,-,-,-,-,-,-,-,-,-,-,-,-,-,-,-,-,-,-,-,-,-,-,-,-,E,-,-,-,E,-,-,-,-,-,-,-,-,-,-,-,-,-,-,-,-,-,-,-,-,-,-,-,-,-,-,-,-,-,-,-,-,-,I,-,-,-,-,-,-,-,-,-,-,-,-,-,-,-,-,-,-,-,-,-,-,-,-,-,-,-,-,-,-,-,-,I,-,-,-,-,-,-,-,-,-,-,-,-,-,-,-,-,-,-,-,-,-,-,-,-,-,-,-,-,-,-,-,-,-,-,-,-,-,-,-,-,-,-,-,A,-,-,-,-,G,-,-,-,-,-
"KX389613.1 HIV-1 isolate 10NG020468 from Nigeria gag protein (gag) gene, complete cds; pol protein (pol) gene, partial cds; and vif protein (vif), vpr protein (vpr), tat protein (tat), rev protein (rev), vpu protein (vpu), envelope glycoprotein (env), and nef protein (nef) genes, complete cds",-,-,-,-,-,-,-,-,-,-,-,-,-,R,-,-,-,-,-,-,-,-,-,-,-,-,-,-,-,-,I,-,-,-,-,-,-,-,-,-,-,-,-,-,-,-,-,-,-,-,-,-,-,-,-,-,G,-,-,-,-,-,-,-,-,-,-,-,-,-,-,-,-,-,-,-,-,-,-,-,-,-,-,-,-,-,-,-,-,-,-,-,-,-,-,-,-,-,-,-,I,-,-,-,-,-,-,-,-,-,-,V,-,-,-,-,-,-,-,-,-,-,-,S,A,-,-,-,-,-,-,-,-,N,V,T,-,-,-,-,-,-,-,-,-,-,-,-,-,-,-,-,-,-,-,-,-,-,-,-,-,-,-,-,-,-,-,-,-,-,-,-,-,-,-,-,-,-,-,-,-,-,-,-,-,-,-,-,-,-,-,-,-,-,-,-,-,-,-,-,I,-,-,-,-,S,-,-,-,-,N,K,-,-,-,-,-,N,-,-,-,-,-,-,-,-,-,-,-,-,-,-,-,I,-,-,-,-,-,-,-,-,-,-,-,-,-,-,-,-,-,-,-,-,-,-,-,-,-,-,-,-,-,-,-,-,-,-,-,-,-,-,-,-,-,-,-,-,-,-,-,-,G,-,-,-,-,-
"KX389614.1 HIV-1 isolate 10NG020437 from Nigeria gag protein (gag) gene, complete cds; pol protein (pol) gene, partial cds; and vif protein (vif), vpr protein (vpr), tat protein (tat), rev protein (rev), vpu protein (vpu), envelope glycoprotein (env), and nef protein (nef) genes, complete cds",-,-,-,-,-,-,-,-,-,-,D,-,-,R,-,-,-,-,-,-,-,-,-,N,-,-,-,-,-,-,-,-,-,-,-,-,-,AV,-,-,-,-,-,-,-,-,-,-,-,-,-,-,-,-,-,-,-,-,-,-,-,-,-,-,-,-,-,-,-,-,-,-,-,-,-,-,-,-,-,-,-,-,-,-,-,-,-,-,-,-,-,-,-,-,-,-,-,-,-,-,I,-,-,-,-,-,-,-,-,-,-,V,-,-,-,-,-,-,-,-,-,-,-,A,A,-,-,-,-,-,-,-,-,N,V,T,-,-,-,-,-,-,-,-,-,-,-,-,-,-,-,-,-,-,-,-,-,-,-,-,-,-,-,-,-,-,-,-,-,-,-,-,-,-,-,-,-,-,-,-,-,-,-,-,-,-,-,-,-,-,-,-,-,-,-,-,-,-,-,-,I,-,-,-,-,S,-,-,-,-,-,-,-,-,-,-,-,-,-,-,-,-,-,-,-,-,-,-,-,-,-,-,-,I,-,-,-,-,-,-,-,-,-,-,-,-,-,-,-,-,-,-,-,-,-,-,-,-,-,-,-,-,-,-,V,-,-,-,-,-,-,-,-,-,-,-,-,-,-,-,-,-,G,-,-,-,-,-
"KX389615.1 HIV-1 isolate 10NG020420 from Nigeria gag protein (gag) gene, complete cds; pol protein (pol) gene, partial cds; vif protein (vif), vpr protein (vpr), tat protein (tat), rev protein (rev), and vpu protein (vpu) genes, complete cds; envelope glycoprotein-like (env) gene, complete sequence; and nef protein (nef) gene, complete cds",-,-,-,-,-,-,-,-,-,-,-,-,-,R,-,-,-,-,-,K,-,-,-,-,-,-,-,-,-,-,I,-,-,-,-,-,-,-,-,-,-,-,-,-,-,-,-,-,-,T,-,-,-,-,-,-,-,-,-,-,-,-,-,-,-,-,-,-,-,-,-,-,-,-,-,-,-,-,-,-,-,-,-,-,-,-,-,-,-,-,-,-,-,-,-,-,-,-,-,-,I,-,-,-,-,-,-,-,-,-,-,V,-,-,-,-,-,-,-,-,-,-,-,N,-,-,-,-,-,-,-,-,-,N,-,T,-,-,-,-,-,-,-,-,-,-,-,-,-,-,-,-,-,-,-,-,-,-,-,-,-,-,-,-,-,-,-,-,-,-,-,-,-,-,-,-,-,-,-,-,-,-,-,-,-,-,-,-,-,-,-,-,-,-,-,AV,-,-,-,-,I,-,-,-,-,S,-,-,-,-,-,-,-,-,-,-,-,-,-,-,-,-,-,-,-,-,-,-,-,-,-,-,-,I,-,-,-,-,-,-,-,-,-,-,-,-,-,-,-,-,-,-,-,-,NS,E,-,-,-,-,-,-,-,-,-,-,-,-,-,-,-,-,-,-,-,-,-,-,-,-,-,-,G,-,-,-,-,-
"KX389616.1 HIV-1 isolate 10NG020382 from Nigeria gag protein (gag) gene, complete cds; pol protein (pol) gene, partial cds; and vif protein (vif), vpr protein (vpr), tat protein (tat), rev protein (rev), vpu protein (vpu), envelope glycoprotein (env), and nef protein (nef) genes, complete cds",-,-,-,-,-,-,-,-,-,-,D,-,-,-,-,HR,-,-,-,-,-,-,-,-,E,-,-,-,-,-,I,-,-,-,-,-,-,-,-,-,-,-,-,-,-,-,-,-,-,-,-,-,-,-,-,-,-,-,-,-,-,-,-,-,-,-,-,-,-,-,-,V,-,I,-,-,-,-,-,-,-,-,-,-,-,-,-,-,-,-,-,-,-,-,-,-,-,-,-,-,-,-,-,-,-,-,-,-,-,-,-,V,-,-,-,-,-,-,-,-,-,-,-,A,A,M,-,-,-,-,-,-,-,D,V,H,-,-,-,-,-,-,-,-,-,-,-,-,-,-,-,-,-,-,-,-,-,-,-,-,-,-,-,-,-,-,-,-,-,-,-,-,-,-,-,-,-,-,-,-,L,-,-,-,-,-,-,-,-,-,-,-,-,-,-,-,-,-,-,-,I,-,-,-,-,S,-,-,-,-,-,-,-,-,-,-,-,-,-,-,-,-,-,-,-,-,-,-,-,-,-,-,-,I,-,-,-,-,-,-,-,-,-,-,-,-,-,-,-,-,-,-,-,-,-,-,-,-,-,-,-,-,-,-,-,-,-,-,-,-,-,-,-,-,-,-,-,-,-,-,-,-,G,-,-,-,-,-
"KX389617.1 HIV-1 isolate 10NG020307 from Nigeria gag protein (gag) gene, complete cds; pol protein (pol) gene, partial cds; and vif protein (vif), vpr protein (vpr), tat protein (tat), rev protein (rev), vpu protein (vpu), envelope glycoprotein (env), and nef protein (nef) genes, complete cds",-,-,-,-,-,-,-,-,-,-,D,-,DE,KR,-,-,IS,-,-,-,-,-,-,NS,-,-,-,-,-,-,I,-,-,-,-,-,-,-,-,-,-,-,-,-,-,-,-,-,-,-,-,-,-,-,-,-,-,-,-,-,-,-,-,-,-,-,-,-,-,-,-,V,-,-,-,-,-,-,-,-,-,-,-,-,-,-,-,-,-,-,-,-,-,-,-,-,-,-,-,-,I,-,-,-,-,-,-,-,-,-,-,V,-,-,-,-,-,-,-,-,-,-,-,A,A,-,-,-,-,-,-,-,-,N,V,I,-,-,-,-,-,-,-,-,-,-,-,-,-,-,-,-,-,-,-,-,-,-,-,-,-,-,-,-,-,-,-,-,-,-,-,-,-,-,-,-,-,-,-,-,-,-,-,-,-,-,-,-,-,-,-,-,-,-,-,-,-,-,-,-,I,-,-,-,-,S,-,-,-,-,-,-,-,-,-,-,-,-,-,-,-,-,-,-,-,-,-,-,-,-,-,-,-,I,-,-,-,-,-,-,-,-,-,-,-,-,-,-,-,-,-,-,-,-,-,-,-,-,-,-,-,-,-,-,-,-,-,-,K,-,-,-,-,-,-,-,-,-,-,-,-,-,G,-,-,-,-,-
"KX389618.1 HIV-1 isolate 10NG020303 from Nigeria gag protein (gag) gene, complete cds; pol protein (pol) gene, partial cds; and vif protein (vif), vpr protein (vpr), tat protein (tat), rev protein (rev), vpu protein (vpu), envelope glycoprotein (env), and nef protein (nef) genes, complete cds",-,-,-,-,-,-,-,-,-,-,-,-,-,R,-,-,N,-,-,-,-,-,-,-,-,-,-,-,-,-,I,-,-,-,-,-,-,-,-,-,-,-,-,-,-,-,-,-,-,I,-,-,K,-,-,-,-,-,-,-,-,-,-,-,-,-,-,-,-,-,-,V,-,-,-,-,-,-,-,-,-,-,-,-,-,-,-,-,-,-,-,-,-,-,-,-,-,-,-,-,I,-,-,-,-,-,-,-,-,-,-,V,-,-,-,-,-,-,-,-,-,-,-,N,-,-,-,-,-,-,-,-,-,N,-,T,-,-,-,-,-,-,-,-,-,-,-,-,-,-,-,-,-,-,-,-,-,-,-,-,-,-,-,-,I,-,-,-,-,-,-,-,-,-,-,-,-,-,-,-,-,-,-,-,-,-,-,-,-,-,-,-,-,-,-,-,-,-,-,-,I,-,-,-,-,S,-,-,-,-,-,-,-,-,-,-,-,-,-,-,-,-,-,-,-,-,-,-,E,-,-,-,-,-,-,-,-,-,-,-,-,-,-,-,-,-,-,-,-,-,-,-,-,-,N,E,-,-,-,-,-,-,-,-,-,-,-,-,-,-,-,-,-,-,-,-,-,-,-,-,-,-,G,G,-,-,-,-
"KX389619.1 HIV-1 isolate 10NG020134 from Nigeria gag protein (gag) gene, complete cds; pol protein (pol) gene, partial cds; and vif protein (vif), vpr protein (vpr), tat protein (tat), rev protein (rev), vpu protein (vpu), envelope glycoprotein (env), and nef protein (nef) genes, complete cds",-,-,-,-,-,-,-,-,-,-,D,-,D,-,-,-,-,-,-,K,-,-,-,-,-,-,-,-,-,-,-,-,-,-,-,-,-,-,-,-,-,-,-,-,-,-,-,-,-,I,-,-,-,-,-,-,-,-,-,-,-,-,-,-,-,-,-,-,-,-,R,-,-,-,-,-,-,-,-,-,-,-,-,-,-,-,-,-,-,-,-,-,-,-,-,-,-,-,-,-,I,-,-,-,-,-,-,-,-,-,T,V,-,-,-,-,-,-,-,-,-,-,-,A,A,-,-,-,-,-,-,-,-,N,-,T,-,-,-,-,-,-,-,-,-,-,-,-,-,-,-,-,-,-,-,-,-,-,-,-,-,-,-,-,-,-,-,-,-,-,-,-,-,-,-,-,-,-,-,-,-,-,-,-,-,-,-,-,-,-,-,-,-,-,-,-,-,-,-,-,I,-,-,-,-,S,-,-,-,-,-,-,-,-,-,-,-,-,-,-,-,-,-,-,-,-,-,-,-,-,-,-,-,I,-,-,-,-,-,-,-,-,-,-,-,-,-,-,-,-,-,-,-,-,N,E,-,-,-,-,-,-,-,-,-,-,-,-,K,-,-,-,-,-,-,-,-,G,-,-,-,-,G,-,-,-,-,-
"KX389620.1 HIV-1 isolate 10NG020133 from Nigeria gag protein (gag) gene, complete cds; pol protein (pol) gene, partial cds; and vif protein (vif), vpr protein (vpr), tat protein (tat), rev protein (rev), vpu protein (vpu), envelope glycoprotein (env), and nef protein (nef) genes, complete cds",-,-,-,-,-,-,-,-,-,-,-,-,-,-,-,-,N,-,-,-,-,-,-,-,-,-,G,-,-,-,I,-,-,-,-,-,-,-,-,-,-,-,-,-,-,-,-,-,-,-,-,-,-,-,-,-,-,-,-,-,-,-,-,-,-,-,-,-,-,-,-,V,-,-,-,-,-,-,-,-,-,-,-,-,-,-,-,-,-,-,-,-,-,-,-,-,-,-,-,-,I,-,-,-,-,-,-,-,-,-,-,V,-,-,-,-,-,-,P,-,-,-,-,N,-,-,-,-,-,-,-,-,-,N,-,T,-,-,-,-,-,-,-,-,-,-,-,-,-,-,-,-,-,-,-,-,-,-,-,-,-,-,-,-,-,-,E,-,-,-,-,-,-,-,-,-,-,-,-,-,-,-,-,-,-,-,-,-,-,-,-,-,-,-,-,-,-,-,-,-,I,-,-,-,-,S,-,L,-,-,R,-,-,-,-,-,-,-,-,-,-,-,-,-,-,-,-,-,-,-,-,-,-,I,-,-,-,-,-,-,-,-,-,-,-,-,-,-,-,-,-,-,-,-,N,E,-,-,-,-,-,-,-,-,-,-,-,-,-,-,-,-,-,-,-,-,-,-,-,-,-,-,G,-,-,-,-,-
"KX389621.1 HIV-1 isolate 10NG020065 from Nigeria gag protein (gag) gene, complete cds; pol protein (pol) gene, partial cds; and vif protein (vif), vpr protein (vpr), tat protein (tat), rev protein (rev), vpu protein (vpu), envelope glycoprotein (env), and nef protein (nef) genes, complete cds",-,-,-,-,-,-,-,-,-,-,-,-,-,-,-,-,-,-,-,K,-,-,-,-,-,-,-,-,-,-,I,-,-,-,-,-,-,-,-,-,-,-,-,-,-,-,-,-,-,-,-,-,-,-,-,-,-,-,-,-,-,-,-,-,-,-,-,-,-,-,-,-,-,-,-,-,-,-,-,-,-,-,-,-,-,-,-,-,-,-,-,-,-,-,-,-,-,-,-,-,I,-,-,-,-,-,-,-,-,-,-,V,-,-,-,-,-,-,-,-,-,-,-,A,A,-,-,-,-,-,-,-,-,D,V,T,-,-,-,-,-,-,-,-,-,-,-,-,-,-,-,-,-,-,-,-,-,-,-,-,-,-,-,-,-,-,-,-,-,-,-,-,-,-,-,-,-,-,-,-,-,-,-,-,-,-,-,-,-,-,-,-,-,-,-,-,-,-,-,-,I,-,-,-,-,S,-,-,-,-,-,-,-,-,-,-,-,-,-,-,-,-,-,-,-,-,-,-,-,-,-,-,-,I,-,-,-,-,-,-,-,-,-,-,-,-,-,-,-,-,-,-,-,-,-,-,-,-,-,-,-,-,-,-,-,-,-,-,-,-,-,-,-,-,-,-,-,-,-,-,-,-,G,-,-,-,-,-
"KX389622.1 HIV-1 isolate 09NG010499 from Nigeria gag protein (gag) gene, complete cds; pol protein (pol) gene, partial cds; and vif protein (vif), vpr protein (vpr), tat protein (tat), rev protein (rev), vpu protein (vpu), envelope glycoprotein (env), and nef protein (nef) genes, complete cds",-,-,-,-,-,-,-,-,-,-,-,-,-,-,-,-,-,-,-,-,-,-,-,-,-,-,-,-,-,-,I,-,-,-,-,-,-,-,-,-,-,-,-,-,-,-,-,-,-,-,-,-,-,-,-,-,-,-,-,-,-,-,-,-,-,-,-,-,-,-,-,-,-,-,-,-,-,-,-,-,-,-,-,-,-,-,-,-,-,-,-,-,-,-,-,-,-,-,-,-,I,-,-,-,-,A,-,-,-,-,-,V,-,-,-,-,-,-,-,-,-,-,-,A,A,-,-,-,-,-,-,-,-,D,-,-,-,-,-,-,-,-,-,-,-,-,-,-,-,-,-,-,-,-,-,-,-,-,-,-,-,-,-,-,-,-,E,-,-,-,-,-,-,-,-,-,-,-,-,-,-,-,-,-,-,-,-,-,-,-,-,-,-,-,-,-,-,-,-,-,I,-,-,-,-,S,E,L,-,-,-,-,-,-,-,-,-,-,-,-,-,-,-,-,-,-,-,-,-,-,-,-,-,I,-,-,-,-,-,-,-,-,-,-,-,-,-,-,-,-,-,-,-,-,-,-,-,-,-,-,-,-,-,-,-,-,-,-,-,-,-,-,-,-,-,-,-,-,-,-,-,-,G,-,-,-,-,-
"KX389623.1 HIV-1 isolate 09NG010483 from Nigeria gag protein (gag) gene, complete cds; pol protein (pol) gene, partial cds; vif protein (vif), vpr protein (vpr), tat protein (tat), rev protein (rev), and vpu protein (vpu) genes, complete cds; envelope glycoprotein-like (env) gene, complete sequence; and nef protein (nef) gene, complete cds",-,-,-,-,-,-,-,-,-,-,-,-,-,-,-,-,-,-,-,K,-,-,-,-,-,-,-,-,-,-,I,-,-,-,-,-,-,-,-,-,-,-,-,-,-,-,-,-,-,I,-,-,-,-,-,-,-,-,-,-,-,-,-,-,-,-,-,-,-,-,-,V,-,-,-,-,-,-,-,-,-,-,-,-,-,-,-,-,-,-,-,-,-,-,-,-,-,-,-,-,-,-,-,-,-,-,-,-,-,-,-,I,-,-,-,-,-,-,-,-,-,-,-,N,-,-,-,-,-,-,-,-,-,-,-,T,-,-,-,-,-,-,-,-,-,-,-,-,-,-,-,-,-,-,-,-,-,-,-,-,-,-,-,-,I,-,-,-,-,-,-,-,-,-,-,-,-,-,-,-,-,-,-,-,-,-,-,-,-,-,-,-,E,-,-,-,-,-,-,-,I,-,-,-,-,S,-,-,-,-,-,-,-,-,-,-,V,S,-,-,-,-,-,-,-,-,F,-,-,-,-,-,-,V,-,-,-,-,-,-,-,-,-,-,-,-,-,-,-,-,-,-,-,-,N,E,-,-,-,-,-,-,-,-,-,-,-,-,-,-,-,-,-,-,-,-,-,-,G,-,-,-,G,-,-,-,-,-
"KX389624.1 HIV-1 isolate 09NG010325 from Nigeria gag protein (gag) gene, complete cds; pol protein (pol) gene, partial cds; and vif protein (vif), vpr protein (vpr), tat protein (tat), rev protein (rev), vpu protein (vpu), envelope glycoprotein (env), and nef protein (nef) genes, complete cds",-,-,-,-,-,-,-,-,-,-,-,HR,-,R,-,-,-,-,-,-,-,-,-,-,-,-,-,-,-,-,I,-,-,-,-,-,-,-,-,-,-,-,-,-,-,-,-,-,-,V,-,-,-,-,-,-,G,-,-,V,-,-,-,-,-,-,-,-,-,-,-,-,-,M,-,-,-,-,-,-,-,-,-,-,-,-,-,-,-,-,-,-,-,-,-,-,A,-,-,-,I,-,-,-,-,-,-,-,-,-,-,I,-,-,-,-,-,-,R,-,-,-,-,A,A,-,-,-,-,-,-,-,-,N,V,T,-,-,-,-,-,-,-,-,-,-,-,-,-,-,-,-,-,-,-,-,-,-,-,-,-,-,-,-,-,-,-,-,-,-,-,-,-,-,-,-,-,-,-,-,-,-,-,-,-,-,-,-,-,-,-,-,-,-,-,-,-,-,-,-,I,-,-,-,-,S,-,-,-,-,-,-,-,-,-,-,-,I,-,-,-,-,-,-,-,-,-,-,-,-,-,-,-,I,-,-,-,-,-,-,-,-,-,-,-,-,-,-,-,-,-,-,-,-,-,E,-,-,-,-,-,-,-,-,-,-,-,-,K,-,-,-,-,-,-,-,-,G,-,-,-,-,G,-,-,-,-,-
"KX389625.1 HIV-1 isolate 09NG010315 from Nigeria gag protein (gag) gene, complete cds; pol protein (pol) gene, partial cds; and vif protein (vif), vpr protein (vpr), tat protein (tat), rev protein (rev), vpu protein (vpu), envelope glycoprotein (env), and nef protein (nef) genes, complete cds",-,-,-,-,-,-,-,-,-,DE,DE,-,-,R,-,-,-,-,-,-,-,-,-,-,-,-,-,-,-,-,-,-,-,-,-,-,-,-,-,-,-,-,-,-,-,-,-,-,-,-,-,-,-,-,-,-,-,-,-,-,-,-,-,-,-,-,-,-,-,-,-,-,-,I,-,-,-,-,-,-,-,-,-,-,-,-,-,-,-,-,-,-,-,-,S,-,-,-,-,-,-,-,-,-,-,-,-,-,-,-,-,V,-,-,-,-,-,-,-,-,-,-,-,S,A,-,-,-,-,-,-,-,-,N,-,T,-,-,-,-,-,-,-,-,-,-,-,-,-,-,-,-,-,-,-,-,-,-,-,-,-,-,-,-,-,-,-,-,-,-,-,-,-,-,-,-,-,-,-,-,-,-,-,-,-,-,-,-,-,-,-,-,-,-,-,-,-,-,-,-,I,-,-,-,-,S,-,L,-,-,-,-,-,-,-,-,-,-,-,-,-,-,-,-,-,-,-,-,-,-,-,-,-,I,-,-,-,-,-,-,-,-,-,-,-,-,-,-,-,-,-,-,-,-,N,E,-,-,-,-,-,-,-,-,-,-,-,-,-,-,-,-,-,-,-,-,-,-,-,-,-,-,G,-,-,-,-,-
"KX389626.1 HIV-1 isolate 09NG010261 from Nigeria gag protein (gag) gene, complete cds; pol protein (pol) gene, partial cds; and vif protein (vif), vpr protein (vpr), tat protein (tat), rev protein (rev), vpu protein (vpu), envelope glycoprotein (env), and nef protein (nef) genes, complete cds",-,-,-,-,-,-,-,-,-,-,-,-,-,R,-,-,N,-,-,-,-,-,-,-,-,-,-,-,-,-,-,-,-,-,-,-,-,-,-,-,-,-,-,-,-,-,-,-,-,I,-,-,-,-,-,-,-,-,-,-,-,-,-,-,-,-,-,-,-,-,-,-,-,-,-,-,-,-,-,-,-,-,-,-,-,-,-,-,-,-,-,-,-,-,-,-,-,-,-,-,I,-,-,-,-,-,-,-,-,-,-,I,-,-,-,-,-,-,-,-,-,-,-,N,V,-,-,-,-,-,-,-,-,N,-,T,-,-,-,-,-,-,-,-,-,-,-,-,-,-,-,-,-,-,-,-,-,-,-,-,-,-,-,-,-,-,-,-,-,-,-,-,-,-,-,-,-,-,-,-,-,-,-,-,-,-,-,-,-,-,-,-,-,-,-,-,-,-,-,-,I,-,-,-,-,S,-,L,-,-,-,-,-,-,-,-,-,-,-,-,-,-,-,-,-,-,F,-,-,-,-,-,-,I,-,-,-,-,-,-,-,-,-,-,-,-,-,-,-,-,-,-,-,-,-,E,-,-,-,-,-,-,-,-,-,-,-,-,-,-,-,-,-,-,-,-,-,-,-,-,-,-,G,-,-,-,-,-
"KX389627.1 HIV-1 isolate 09NG010208 from Nigeria gag protein (gag) gene, complete cds; pol protein (pol) gene, partial cds; and vif protein (vif), vpr protein (vpr), tat protein (tat), rev protein (rev), vpu protein (vpu), envelope glycoprotein (env), and nef protein (nef) genes, complete cds",-,-,-,-,-,-,-,-,-,-,-,-,-,R,-,-,-,-,-,-,-,-,-,-,-,-,-,-,-,-,I,-,-,-,-,-,-,-,-,-,-,-,-,-,-,-,-,-,-,I,-,-,-,-,-,-,-,-,-,-,-,-,-,-,-,-,-,-,-,-,-,-,-,-,-,-,-,-,-,-,-,-,-,-,-,-,-,-,-,-,-,-,-,-,-,-,-,-,-,-,I,-,-,-,-,-,-,-,-,-,-,V,-,-,-,-,-,-,-,-,-,-,-,N,-,-,-,-,-,-,-,-,-,D,-,T,-,-,-,-,-,-,-,-,-,-,-,-,-,-,-,-,-,-,-,-,-,-,-,-,-,-,-,-,-,-,-,-,-,-,-,-,-,-,-,-,-,-,-,-,-,-,-,-,-,-,-,-,-,-,-,-,-,-,-,-,-,-,-,-,I,-,-,-,-,S,-,-,-,-,-,-,-,-,-,-,-,-,-,-,-,-,-,-,-,-,-,-,-,-,-,-,-,I,-,-,-,-,-,-,-,-,-,-,-,-,-,-,-,-,-,-,-,-,-,E,-,-,-,-,-,-,-,-,-,-,-,-,K,-,-,-,-,-,-,-,-,-,-,-,M,-,G,-,-,N,-,-
"KX389628.1 HIV-1 isolate 09NG010205 from Nigeria gag protein (gag) gene, complete cds; pol protein (pol) gene, partial cds; vif protein (vif) and vpr protein (vpr) genes, complete cds; tat protein-like (tat) and rev protein-like (rev) genes, complete sequence; vpu protein (vpu) gene, complete cds; envelope glycoprotein-like (env) gene, complete sequence; and nef protein (nef) gene, complete cds",-,-,-,-,-,-,-,-,-,-,-,-,-,R,-,-,N,-,-,-,-,-,-,-,-,-,-,-,-,-,-,-,-,-,-,-,-,-,-,-,-,-,-,-,-,-,-,-,-,-,-,-,-,-,-,-,-,-,-,-,-,-,-,-,-,-,-,-,-,-,-,-,-,-,-,-,-,-,-,-,-,-,-,-,-,-,-,-,-,-,-,-,-,-,-,-,-,-,-,-,I,-,KR,-,-,-,-,-,-,-,Q,V,-,-,-,-,-,-,-,-,-,-,-,N,-,-,-,-,-,-,-,-,-,N,-,T,-,-,-,-,-,-,-,-,-,-,-,-,-,-,-,-,-,-,-,-,-,-,-,-,-,-,-,-,-,-,-,-,-,-,-,-,-,-,-,-,-,-,-,-,-,-,-,-,-,-,-,-,-,-,-,-,-,-,-,-,-,-,-,-,I,-,-,-,-,S,-,-,-,-,R,AT,-,-,-,-,-,-,-,-,-,-,-,-,-,-,-,-,-,-,-,-,-,I,-,-,-,-,-,-,-,-,-,-,-,-,-,-,-,-,-,K,-,-,N,E,-,-,-,-,-,-,-,-,-,-,-,-,-,-,-,-,-,-,-,-,-,-,-,-,-,-,G,-,-,-,-,-
"KX389629.1 HIV-1 isolate 09NG010181 from Nigeria gag protein (gag) gene, complete cds; pol protein (pol) gene, partial cds; and vif protein (vif), vpr protein (vpr), tat protein (tat), rev protein (rev), vpu protein (vpu), envelope glycoprotein (env), and nef protein (nef) genes, complete cds",-,-,-,-,-,-,R,-,-,-,D,-,-,-,-,-,C,-,-,-,-,-,-,-,-,-,-,-,-,-,I,-,-,-,-,-,-,-,-,-,-,-,-,-,-,-,-,-,-,IM,-,-,-,-,-,-,-,-,-,-,-,-,-,-,-,-,-,-,-,-,-,V,-,-,-,-,-,-,-,-,-,-,-,M,-,-,-,-,-,-,-,-,-,-,-,-,-,-,-,-,I,-,-,-,-,-,-,-,-,-,-,V,-,-,-,-,-,-,-,-,-,-,-,A,A,-,-,-,-,-,-,-,-,N,V,T,-,-,-,-,V,-,-,-,-,-,-,-,-,-,-,-,-,-,-,-,-,-,-,-,-,-,-,-,-,-,-,-,-,-,-,-,-,-,-,-,-,-,-,-,-,-,-,-,-,-,-,-,-,-,-,-,-,-,-,-,-,-,-,-,I,-,-,-,-,S,-,-,-,-,-,-,-,-,-,-,-,I,-,-,-,-,-,-,-,-,-,-,-,-,-,-,-,I,-,-,-,-,-,-,-,-,-,-,-,-,-,-,-,-,-,-,-,-,-,-,-,-,-,-,-,-,-,-,-,-,-,-,-,-,-,-,-,-,-,-,-,-,-,-,-,-,G,-,-,-,-,-
"KX389630.1 HIV-1 isolate 09NG010170 from Nigeria gag protein (gag) gene, complete cds; pol protein (pol) gene, partial cds; and vif protein (vif), vpr protein (vpr), tat protein (tat), rev protein (rev), vpu protein (vpu), envelope glycoprotein (env), and nef protein (nef) genes, complete cds",-,-,-,-,-,-,-,-,-,-,-,-,-,R,-,-,GS,-,-,-,-,-,-,NS,-,-,-,-,-,-,IV,-,-,-,-,-,-,-,-,-,-,-,-,-,I,-,-,-,-,-,-,-,-,-,-,-,GS,-,-,-,-,-,-,-,-,-,-,-,-,-,-,V,-,I,-,-,-,-,-,-,-,-,-,-,-,-,-,-,-,-,-,-,-,-,-,-,-,-,-,-,I,-,-,-,-,-,-,-,-,-,R,V,-,-,-,-,-,-,GS,-,-,-,-,A,A,-,-,-,-,-,-,-,-,N,V,T,-,-,-,-,-,-,-,-,-,-,-,-,-,-,-,-,-,-,-,N,Q,-,-,-,-,-,-,-,-,-,-,-,-,-,-,-,R,-,-,-,-,-,-,-,-,-,-,-,-,-,-,-,-,-,-,-,-,-,-,-,GR,-,-,-,I,-,-,-,-,S,-,-,-,-,-,-,-,-,-,-,-,I,N,-,-,K,-,-,-,-,-,-,-,-,-,-,-,I,-,-,-,-,-,-,-,-,-,-,-,-,-,-,-,-,-,-,-,-,-,-,-,-,-,-,-,-,-,-,-,-,-,-,-,-,-,-,-,-,V,-,-,-,-,-,-,-,G,-,-,-,-,-
"KX389631.1 HIV-1 isolate 09NG010157 from Nigeria gag protein (gag) gene, complete cds; pol protein (pol) gene, partial cds; and vif protein (vif), vpr protein (vpr), tat protein (tat), rev protein (rev), vpu protein (vpu), envelope glycoprotein (env), and nef protein (nef) genes, complete cds",-,-,-,-,-,-,-,-,-,-,-,-,-,-,-,-,N,-,-,-,-,-,-,-,-,-,-,-,-,-,I,-,-,-,-,-,-,-,-,-,-,-,-,-,-,-,-,-,-,-,-,-,-,-,-,-,-,-,-,-,-,-,-,-,-,-,-,-,-,-,-,-,-,-,-,-,-,-,-,-,-,-,-,M,-,-,-,-,-,-,-,-,-,-,-,-,-,-,H,-,I,-,-,-,-,-,-,-,-,-,-,I,-,-,-,-,-,-,-,-,-,-,-,N,A,-,-,-,-,-,-,-,-,N,-,T,-,-,-,-,-,-,-,-,-,-,-,-,-,-,-,-,-,-,-,-,-,-,-,-,-,-,-,-,-,-,-,-,-,-,-,-,-,-,-,-,-,-,-,-,-,-,-,-,-,-,-,-,-,-,-,-,-,-,-,-,-,-,-,-,I,-,-,-,-,S,-,-,-,-,-,-,-,-,-,-,-,-,-,-,-,-,-,-,-,-,F,-,-,-,-,-,-,I,-,-,-,-,-,-,-,-,-,-,-,-,-,-,-,-,-,-,-,-,N,E,-,-,-,-,-,-,-,-,-,-,-,-,-,-,-,-,-,-,-,-,-,-,-,-,-,-,G,-,-,-,-,-
"KX389632.1 HIV-1 isolate 09NG010145 from Nigeria gag protein (gag) gene, complete cds; pol protein (pol) gene, partial cds; and vif protein (vif), vpr protein (vpr), tat protein (tat), rev protein (rev), vpu protein (vpu), envelope glycoprotein (env), and nef protein (nef) genes, complete cds",-,-,-,-,-,-,-,-,-,-,-,-,-,R,-,-,-,-,-,-,-,-,-,-,E,-,-,-,-,-,I,-,-,-,-,-,-,-,C,-,-,-,-,-,-,-,-,-,-,I,-,-,-,-,-,-,-,-,-,-,-,-,I,-,-,-,-,-,-,-,-,-,-,I,-,-,-,-,-,-,-,-,-,-,-,-,-,-,-,-,-,-,-,-,-,-,-,-,-,-,-,-,-,-,-,-,-,-,-,-,-,V,-,-,-,-,-,-,-,-,-,-,-,A,A,-,-,-,-,-,-,-,-,S,-,Q,-,-,-,-,-,-,-,-,-,-,-,-,-,-,-,-,-,-,-,-,-,-,-,-,-,-,-,-,-,-,-,-,-,-,-,-,-,-,-,-,-,-,-,-,-,-,-,-,-,-,-,-,-,-,-,-,-,-,-,-,-,-,-,-,I,-,-,-,-,S,-,-,-,-,-,-,-,-,-,-,-,-,-,-,-,-,-,-,-,-,F,-,-,-,-,-,-,I,-,-,-,-,-,-,-,-,-,-,-,-,-,-,-,-,-,-,-,-,N,E,-,-,-,-,-,-,-,-,-,-,-,-,-,-,-,-,-,-,-,-,-,-,-,-,-,-,G,-,-,-,-,-
"KX389633.1 HIV-1 isolate 09NG010131 from Nigeria gag protein (gag) gene, complete cds; pol protein (pol) gene, partial cds; and vif protein (vif), vpr protein (vpr), tat protein (tat), rev protein (rev), vpu protein (vpu), envelope glycoprotein (env), and nef protein (nef) genes, complete cds",-,-,-,-,-,-,-,-,-,-,-,-,-,R,-,-,-,-,-,-,-,-,-,-,-,-,-,-,-,-,I,-,-,-,-,-,-,-,-,-,-,-,-,-,-,-,-,-,-,-,-,-,-,-,-,-,-,-,-,-,-,-,-,-,-,-,-,-,-,-,-,-,-,M,-,-,-,-,-,-,-,-,-,-,-,-,-,-,-,-,-,-,-,-,-,-,-,-,-,-,-,-,-,-,-,-,-,-,-,-,T,V,-,-,-,-,-,-,-,-,-,-,-,A,A,-,-,-,-,-,-,-,-,-,-,Q,-,-,-,-,-,-,-,-,-,-,-,-,-,-,-,-,-,-,-,-,-,-,-,-,-,-,-,-,-,-,E,-,-,-,-,-,-,-,-,-,-,-,-,-,-,-,-,-,-,-,-,-,-,-,-,-,-,-,-,-,-,-,-,-,-,-,-,-,-,S,-,L,-,-,-,-,-,-,-,-,-,-,-,-,-,-,-,-,-,-,-,-,-,-,-,-,-,I,-,-,-,-,-,-,-,-,-,-,-,-,-,-,-,-,-,-,-,-,-,-,-,-,-,-,-,-,-,-,-,-,-,-,-,-,-,-,-,-,-,-,-,G,-,-,-,-,-,G,-,-,-,N
"KX389634.1 HIV-1 isolate 09NG010129 from Nigeria gag protein (gag) gene, complete cds; pol protein (pol) gene, partial cds; and vif protein (vif), vpr protein (vpr), tat protein (tat), rev protein (rev), vpu protein (vpu), envelope glycoprotein (env), and nef protein (nef) genes, complete cds",-,-,-,-,-,-,-,-,-,-,-,-,-,R,-,-,N,-,-,-,-,-,-,-,-,-,-,-,-,-,I,-,-,-,-,-,-,-,-,-,-,-,-,-,-,-,-,-,-,-,-,-,-,-,-,-,-,-,-,-,-,-,-,-,-,-,-,-,-,-,-,-,-,-,-,-,-,-,-,-,-,-,-,-,-,-,-,-,-,-,-,-,-,-,-,-,-,-,-,-,-,-,-,-,-,A,-,-,-,-,-,V,-,-,-,-,-,-,-,-,-,-,-,A,A,-,-,-,-,-,-,-,-,N,V,T,-,-,-,-,-,-,-,-,-,-,-,-,-,-,-,-,-,-,-,-,-,-,-,-,-,-,-,-,-,-,-,-,-,-,-,-,-,-,-,-,-,-,-,-,-,-,-,-,-,-,-,-,-,-,-,-,-,-,-,-,-,-,-,-,I,-,-,-,-,S,E,-,-,-,-,-,-,-,-,-,-,-,-,-,-,-,-,-,-,-,-,-,-,-,-,-,-,I,-,-,-,-,-,-,-,-,-,-,-,-,-,-,-,-,-,-,-,-,-,E,-,-,-,-,-,-,-,-,-,-,-,-,-,-,-,-,-,-,-,-,-,-,-,-,-,-,G,-,-,-,-,-
"KX389635.1 HIV-1 isolate 09NG010105 from Nigeria gag protein (gag) gene, complete cds; pol protein (pol) gene, partial cds; and vif protein (vif), vpr protein (vpr), tat protein (tat), rev protein (rev), vpu protein (vpu), envelope glycoprotein (env), and nef protein (nef) genes, complete cds",-,-,-,-,-,-,R,-,-,-,-,-,-,R,-,-,-,-,-,-,-,-,-,-,-,-,-,-,-,-,I,-,-,-,-,-,-,-,-,-,-,-,-,-,-,-,-,-,-,-,-,-,-,-,-,-,-,-,-,-,-,-,-,-,-,-,-,-,-,-,-,-,-,-,-,-,-,-,-,-,-,-,-,-,-,-,-,-,-,-,-,-,-,-,-,-,-,-,-,-,I,-,-,-,-,-,-,-,-,-,-,V,-,-,-,-,-,-,PT,-,-,-,-,N,-,-,-,-,-,-,-,-,-,N,-,T,-,-,-,-,-,-,-,-,-,-,-,-,-,-,-,-,-,-,-,-,-,-,-,-,-,-,-,-,-,-,-,-,-,-,-,FL,-,-,-,-,-,-,-,-,-,-,-,-,-,-,-,-,-,-,-,-,-,-,-,-,-,-,-,-,I,-,-,-,-,S,-,L,-,-,-,I,-,-,-,-,-,ST,-,-,-,-,-,-,-,-,-,-,E,-,-,-,-,-,-,-,-,-,-,-,-,-,-,-,-,-,-,-,-,-,-,-,-,-,N,E,-,-,-,-,-,-,-,-,-,-,-,-,-,-,-,-,-,-,V,-,-,-,-,-,-,-,G,-,-,-,-,-
"KX389636.1 HIV-1 isolate 09NG010079 from Nigeria gag protein (gag) gene, complete cds; pol protein (pol) gene, partial cds; vif protein (vif), vpr protein (vpr), tat protein (tat), rev protein (rev), and vpu protein (vpu) genes, complete cds; envelope glycoprotein-like (env) gene, complete sequence; and nef protein (nef) gene, complete cds",-,-,-,-,-,-,-,-,-,G,-,-,-,-,-,-,-,-,-,-,-,-,-,-,-,-,-,-,-,-,I,-,-,-,-,-,-,-,N,-,-,-,-,-,-,-,-,-,-,-,-,-,-,-,-,-,-,-,-,-,-,-,-,-,-,-,-,-,-,-,-,-,-,I,-,-,-,-,-,-,-,-,-,-,-,-,-,-,-,-,-,-,-,-,-,-,-,-,-,-,-,-,-,-,-,-,-,-,-,-,-,V,-,-,-,-,-,-,-,-,-,-,-,N,A,-,-,-,-,-,-,-,-,N,-,Q,-,-,-,-,-,-,-,-,-,-,-,-,-,-,-,-,-,-,-,-,-,-,-,-,-,-,-,-,-,-,E,-,-,-,-,-,-,-,-,-,-,-,-,-,-,-,-,-,-,-,-,-,-,-,-,-,-,-,-,-,-,-,-,-,I,-,-,-,-,S,-,L,-,-,-,-,-,-,-,-,-,S,-,-,-,-,-,-,-,-,F,-,-,-,-,-,-,I,-,-,-,-,-,-,-,-,-,-,-,-,-,-,-,-,-,-,-,-,N,E,-,-,-,-,-,-,-,-,-,-,-,-,-,-,-,-,-,-,-,-,-,-,-,-,-,-,G,-,-,-,-,-
"KX389637.1 HIV-1 isolate 09NG010073 from Nigeria gag protein (gag) gene, complete cds; pol protein (pol) gene, partial cds; and vif protein (vif), vpr protein (vpr), tat protein (tat), rev protein (rev), vpu protein (vpu), envelope glycoprotein (env), and nef protein (nef) genes, complete cds",-,-,-,-,-,-,-,-,-,-,-,-,-,R,-,-,-,-,-,-,-,-,-,-,-,-,-,-,-,-,I,-,-,-,-,-,-,-,C,-,-,-,-,-,-,-,-,-,-,I,-,-,-,-,-,-,-,-,-,-,-,-,I,-,-,-,-,-,-,-,-,-,-,I,-,-,-,-,-,-,-,-,-,-,-,-,-,-,-,-,-,-,-,-,-,-,-,-,-,-,-,-,-,-,-,-,-,-,-,-,-,V,-,-,-,-,-,-,-,-,-,-,-,A,A,-,-,-,-,-,-,-,-,S,-,Q,-,-,-,-,-,-,-,-,-,-,-,-,-,-,-,-,-,-,-,-,-,-,-,-,-,-,-,-,-,-,-,-,-,-,-,-,-,-,-,-,-,-,-,-,-,-,-,-,-,-,-,-,-,-,-,-,-,-,-,-,-,-,-,-,I,-,-,-,-,S,-,-,-,-,-,-,-,-,-,-,-,-,-,-,-,-,-,-,-,-,F,-,-,-,-,-,-,I,-,-,-,-,-,-,-,-,-,-,-,-,-,-,-,-,-,-,-,-,N,E,-,-,-,-,-,-,-,-,-,-,-,-,-,-,-,-,-,-,-,-,-,-,-,-,-,-,G,-,-,-,-,-
"KX389638.1 HIV-1 isolate 09NG010067 from Nigeria gag protein (gag) gene, complete cds; pol protein (pol) gene, partial cds; and vif protein (vif), vpr protein (vpr), tat protein (tat), rev protein (rev), vpu protein (vpu), envelope glycoprotein (env), and nef protein (nef) genes, complete cds",-,-,-,-,-,-,-,-,-,-,-,-,-,R,-,-,-,-,-,-,-,-,-,-,-,-,-,-,-,-,I,-,-,-,-,-,-,-,-,-,-,-,-,-,-,-,-,-,-,-,-,-,-,-,-,-,-,-,-,-,-,-,-,-,-,-,-,-,-,-,-,-,-,-,-,-,-,-,-,-,-,-,-,-,-,-,-,-,-,-,-,-,-,-,-,-,-,-,-,-,I,-,-,-,-,-,-,-,-,-,-,V,-,-,-,-,-,-,-,-,-,-,-,N,A,-,-,-,-,-,-,-,-,S,-,T,-,-,-,-,-,-,-,-,-,-,-,-,-,-,-,-,-,-,-,-,-,-,-,-,-,-,S,-,-,-,E,-,-,-,-,-,-,-,-,-,-,-,-,-,-,-,-,-,-,-,-,KR,-,-,-,-,-,-,-,-,-,-,-,-,I,-,-,-,-,S,-,-,-,-,-,-,-,-,-,-,-,-,-,-,-,-,-,-,-,-,-,-,-,-,-,-,-,I,-,-,-,-,-,-,-,-,-,-,-,-,-,-,-,-,-,-,-,-,N,E,IL,-,-,-,-,-,-,-,-,-,IV,IL,KR,-,-,-,-,-,-,-,-,-,-,-,-,-,G,-,-,E,-,-
"KX389639.1 HIV-1 isolate 09NG010060 from Nigeria gag protein (gag) gene, complete cds; pol protein (pol) gene, partial cds; and vif protein (vif), vpr protein (vpr), tat protein (tat), rev protein (rev), vpu protein (vpu), envelope glycoprotein (env), and nef protein (nef) genes, complete cds",-,-,-,-,-,-,-,-,-,-,-,-,-,R,-,-,-,-,-,-,-,-,-,-,-,-,-,-,-,-,I,-,-,-,-,-,-,-,-,-,-,-,-,-,-,-,-,-,-,-,-,-,-,-,-,-,-,-,-,-,-,-,-,-,-,-,-,-,-,-,-,V,-,-,-,-,-,-,-,-,-,-,-,-,-,-,-,-,-,-,-,-,-,-,-,-,-,-,-,-,I,-,-,-,-,-,-,-,-,-,-,V,-,-,-,-,-,-,-,-,-,-,-,A,A,-,-,-,-,-,-,-,-,S,-,T,-,-,-,-,-,-,-,-,-,-,-,-,-,-,-,-,-,-,-,-,-,-,-,-,-,-,-,-,-,-,E,-,-,-,-,-,-,-,-,-,-,-,-,-,-,-,-,-,-,-,-,-,-,-,-,-,E,-,-,-,-,-,-,-,I,-,-,-,-,S,-,-,-,-,-,-,-,-,-,-,-,I,-,-,-,-,-,-,-,-,-,-,-,-,-,-,-,I,-,-,-,-,-,-,-,-,-,-,-,-,-,-,-,-,-,-,-,-,-,-,-,-,-,-,-,-,-,-,V,-,-,-,K,-,-,-,-,-,-,-,-,G,-,-,-,-,G,-,-,-,-,-
"KX389640.1 HIV-1 isolate 11NG050135 from Nigeria gag protein (gag) gene, complete cds; pol protein (pol) gene, partial cds; vif protein (vif), vpr protein (vpr), tat protein (tat), rev protein (rev), and vpu protein (vpu) genes, complete cds; envelope glycoprotein-like (env) gene, complete sequence; and nef protein (nef) gene, complete cds",-,-,-,-,-,-,-,-,-,-,-,-,-,R,-,-,T,-,-,-,-,-,-,-,-,-,-,-,-,-,I,-,-,-,-,-,-,-,-,-,-,-,-,-,-,-,-,-,-,-,-,-,-,-,-,-,-,-,-,-,-,-,-,-,-,-,-,-,-,-,-,-,-,-,-,-,-,-,-,-,-,-,-,-,-,-,-,-,-,-,-,-,-,-,-,-,-,-,-,-,I,-,-,-,-,-,-,-,-,-,-,V,-,-,-,-,-,-,-,-,-,-,-,A,A,-,-,-,-,-,-,-,-,N,V,T,-,-,-,-,-,-,-,-,-,-,-,-,-,-,-,-,-,-,-,-,-,-,-,-,-,-,-,-,-,-,E,-,-,-,-,-,R,-,-,-,-,-,-,-,-,-,-,-,-,-,-,-,-,-,-,-,-,-,-,-,-,-,-,-,I,-,-,-,-,S,-,-,-,-,-,-,-,-,-,-,-,I,Q,-,-,-,-,-,-,-,-,-,-,-,-,-,-,I,-,-,-,-,-,-,-,-,-,-,-,-,-,-,-,-,-,-,-,-,-,E,-,-,-,-,-,-,-,-,-,-,-,-,K,-,-,-,-,-,-,-,-,A,-,-,-,-,G,-,-,-,-,-
"KX389641.1 HIV-1 isolate 11NG050158 from Nigeria gag protein (gag) gene, complete cds; pol protein (pol) gene, partial cds; and vif protein (vif), vpr protein (vpr), tat protein (tat), rev protein (rev), vpu protein (vpu), envelope glycoprotein (env), and nef protein (nef) genes, complete cds",-,-,-,-,-,-,-,-,-,-,D,-,-,R,-,-,-,-,-,-,-,-,-,N,-,-,-,-,-,-,I,-,-,-,-,-,-,-,-,-,-,-,-,-,-,-,-,-,-,-,-,-,-,-,-,-,-,-,-,-,-,-,-,-,-,-,-,-,-,-,-,-,-,-,-,-,-,-,-,-,-,-,-,-,-,-,-,-,-,-,T,-,-,-,-,-,-,-,-,-,I,-,-,-,-,-,-,-,-,-,-,V,-,-,-,-,-,-,-,-,-,-,-,N,A,-,-,-,-,-,-,-,-,N,-,T,-,D,-,-,-,-,-,-,-,-,-,-,-,-,-,-,-,-,-,-,-,-,-,-,-,-,A,-,-,-,-,-,-,-,-,-,-,-,-,-,-,-,-,-,-,-,-,-,-,-,-,-,-,-,-,-,-,-,-,-,-,-,-,-,I,-,-,-,-,S,-,-,-,-,-,-,-,-,-,-,-,-,-,-,-,-,-,-,-,-,F,-,-,-,-,-,-,I,-,-,-,-,-,-,-,-,-,-,-,-,-,-,-,-,-,-,-,-,N,E,-,-,-,-,-,-,-,-,-,-,-,-,-,-,-,-,-,-,-,-,-,-,-,-,-,-,G,-,-,-,-,-
"KX389642.1 HIV-1 isolate 11NG050272 from Nigeria gag protein (gag) gene, complete cds; pol protein (pol) gene, partial cds; and vif protein (vif), vpr protein (vpr), tat protein (tat), rev protein (rev), vpu protein (vpu), envelope glycoprotein (env), and nef protein (nef) genes, complete cds",-,-,-,-,-,-,-,-,-,-,-,-,-,R,-,-,-,-,-,K,-,-,-,-,-,-,-,-,-,-,-,-,-,-,-,-,-,-,-,-,-,-,-,-,-,-,-,-,-,-,-,-,-,-,-,-,-,-,-,-,-,-,-,-,-,-,-,-,-,-,-,-,-,-,-,-,-,-,-,-,-,-,-,-,-,-,-,-,-,-,-,-,-,-,-,-,-,-,-,-,I,-,-,-,-,-,-,-,-,-,R,-,-,-,-,-,-,-,-,-,-,-,-,N,-,-,-,-,-,-,-,-,-,N,-,T,-,-,-,-,-,-,-,-,-,-,-,-,-,-,-,-,-,-,-,-,-,-,-,-,-,-,-,-,-,-,-,-,-,-,-,-,-,-,-,-,-,-,-,-,-,-,-,-,-,-,-,-,-,-,-,-,-,-,-,-,-,-,-,-,I,-,-,-,-,S,-,-,-,-,-,-,-,-,-,-,-,-,-,-,-,-,-,-,-,-,-,-,-,-,-,-,-,I,-,-,-,-,-,-,-,-,-,-,-,-,-,-,-,-,-,-,-,-,N,E,-,-,-,-,-,-,-,-,-,-,-,-,K,-,-,-,-,-,-,-,-,-,-,-,-,-,G,-,-,DG,-,-
"KX389643.1 HIV-1 isolate 11NG050356 from Nigeria gag protein (gag) gene, complete cds; pol protein (pol) gene, partial cds; vif protein (vif), vpr protein (vpr), and tat protein (tat) genes, complete cds; rev protein-like (rev) gene, complete sequence; and vpu protein (vpu), envelope glycoprotein (env), and nef protein (nef) genes, complete cds",-,-,-,-,-,-,-,-,-,-,-,-,-,R,-,-,-,-,-,-,-,-,-,N,-,-,-,-,-,-,I,-,-,-,-,-,-,-,-,-,-,-,-,-,-,-,-,-,-,-,-,-,-,-,-,-,-,-,-,-,-,-,-,-,-,-,-,-,-,-,-,V,-,-,-,-,-,-,-,-,-,-,-,-,-,-,-,-,-,-,-,-,-,-,-,-,-,-,-,-,I,-,-,-,-,-,-,-,-,-,-,V,-,-,-,-,-,-,-,-,-,-,-,A,A,-,-,-,-,-,-,-,-,N,V,T,-,-,-,-,-,-,-,-,-,-,-,-,-,-,-,-,-,-,-,-,-,-,-,-,-,-,E,-,-,-,-,-,-,-,-,-,-,-,-,-,L,-,-,-,-,-,-,-,-,-,-,-,-,-,-,-,-,-,-,-,-,-,-,-,I,-,-,-,-,S,-,-,-,-,-,-,-,-,-,-,-,-,-,-,-,-,-,-,-,-,-,-,-,-,-,-,-,I,-,-,-,-,-,-,-,-,-,-,-,-,-,-,-,-,-,-,E,-,-,-,-,-,-,-,-,-,-,-,-,-,-,-,-,-,-,-,-,-,-,-,-,-,-,-,-,-,G,-,-,N,-,-
"KX389644.1 HIV-1 isolate 11NG050366 from Nigeria gag protein (gag) gene, complete cds; pol protein (pol) gene, partial cds; vif protein (vif), vpr protein (vpr), tat protein (tat), rev protein (rev), and vpu protein (vpu) genes, complete cds; envelope glycoprotein-like (env) gene, complete sequence; and nef protein (nef) gene, complete cds",-,-,-,-,-,-,R,-,-,-,D,-,-,R,-,-,-,-,-,-,-,-,-,-,-,-,-,-,-,-,I,-,-,-,-,-,-,-,-,-,-,-,-,-,-,-,-,-,-,-,-,-,-,-,-,-,-,-,-,-,-,-,-,-,-,-,-,-,-,-,-,-,-,-,-,-,-,-,-,-,-,-,-,-,-,-,-,-,-,-,-,-,-,-,-,-,-,-,-,-,I,-,-,-,-,-,-,-,-,-,-,V,-,-,-,-,-,-,-,-,-,-,-,A,P,-,-,-,-,-,-,-,-,N,V,T,-,-,-,-,-,-,-,-,-,-,-,-,-,-,-,-,-,-,-,-,-,-,-,-,-,-,-,-,-,-,-,-,-,-,-,-,-,-,-,-,-,-,-,-,-,-,-,-,-,-,-,-,-,-,-,-,-,-,-,-,-,-,-,-,I,-,-,-,-,S,-,L,-,-,-,-,-,-,-,-,-,-,-,-,-,-,-,-,-,-,-,-,-,-,-,-,-,I,-,-,-,-,-,-,-,-,-,-,-,-,-,-,-,-,-,-,-,-,-,-,-,-,-,-,-,-,-,-,-,-,-,-,K,-,-,-,-,-,-,-,-,-,-,-,-,-,G,-,-,-,-,-
"KX389645.1 HIV-1 isolate 11NG050489 from Nigeria gag protein (gag) gene, complete cds; pol protein (pol) gene, partial cds; and vif protein (vif), vpr protein (vpr), tat protein (tat), rev protein (rev), vpu protein (vpu), envelope glycoprotein (env), and nef protein (nef) genes, complete cds",-,-,-,-,-,-,-,-,-,-,-,-,-,R,-,-,-,-,-,-,-,-,-,-,-,-,-,-,-,-,-,-,-,-,-,-,-,-,-,-,-,R,-,-,-,-,-,-,-,-,-,-,-,-,-,-,G,-,-,-,-,-,-,-,-,-,-,-,-,-,-,-,-,-,-,-,-,-,-,-,-,-,-,-,-,-,-,-,-,-,-,-,-,-,-,-,-,-,-,-,-,-,-,-,-,-,-,-,-,-,-,M,-,-,-,-,-,-,-,-,-,-,-,G,A,-,-,-,-,-,-,-,-,D,-,-,H,-,-,-,-,-,-,-,-,-,-,-,-,-,-,-,-,-,-,-,-,-,-,-,-,-,-,-,-,-,-,-,-,-,-,-,-,-,-,-,-,-,-,-,-,-,-,-,-,-,-,-,-,-,-,-,-,-,-,-,-,-,-,-,I,-,-,-,-,S,E,-,-,-,-,-,-,-,-,-,-,-,-,-,-,-,-,-,-,-,-,-,-,-,-,-,-,I,-,-,-,-,-,-,-,-,-,-,-,-,-,-,-,-,-,-,-,-,N,E,-,-,-,-,-,-,-,-,-,-,-,-,-,-,-,-,-,-,-,-,-,-,-,-,-,-,G,-,-,-,-,-
"KX389646.1 HIV-1 isolate 12NG060248 from Nigeria gag protein (gag) gene, complete cds; pol protein (pol) gene, partial cds; and vif protein (vif), vpr protein (vpr), tat protein (tat), rev protein (rev), vpu protein (vpu), envelope glycoprotein (env), and nef protein (nef) genes, complete cds",-,-,-,-,-,-,-,-,-,-,-,-,-,-,-,-,-,-,-,-,-,-,-,-,-,-,-,-,-,-,I,-,-,-,-,-,-,-,-,-,-,-,-,-,-,-,-,-,-,-,-,-,-,-,-,-,-,-,-,-,-,-,-,-,-,-,-,-,-,-,-,-,-,-,-,-,-,-,-,-,-,-,-,-,-,-,-,-,-,-,-,-,-,-,-,-,-,-,-,-,I,-,-,-,-,-,-,-,-,-,-,V,-,-,-,-,-,-,-,-,-,-,-,N,A,-,-,-,-,-,-,-,-,N,-,T,-,-,-,-,-,-,-,-,-,-,-,-,-,-,-,-,-,-,-,-,-,-,-,-,-,-,-,-,-,-,-,-,-,-,-,-,-,-,-,-,-,-,-,-,-,-,-,-,-,-,-,-,-,-,-,-,-,-,-,-,-,-,-,-,I,-,-,-,-,S,-,-,-,-,-,-,-,-,-,-,-,-,Q,-,-,-,-,-,-,-,-,-,-,-,-,-,-,I,-,-,-,-,-,-,-,-,-,-,-,-,-,-,-,-,-,-,-,-,N,E,-,-,-,-,-,-,-,-,-,-,-,-,-,-,-,-,-,-,-,-,-,-,-,-,-,-,G,-,-,-,-,-
"KX389647.1 HIV-1 isolate 12NG060304 from Nigeria gag protein (gag) gene, complete cds; pol protein (pol) gene, partial cds; and vif protein (vif), vpr protein (vpr), tat protein (tat), rev protein (rev), vpu protein (vpu), envelope glycoprotein (env), and nef protein (nef) genes, complete cds",-,-,-,-,-,-,-,-,-,-,D,-,-,R,F,-,-,-,-,-,-,-,-,-,E,-,-,-,-,-,I,-,-,-,-,-,-,-,-,-,-,-,-,-,-,-,-,-,-,-,-,-,-,-,-,-,-,-,-,-,-,-,-,-,-,-,-,-,-,-,-,V,-,-,-,-,-,-,-,-,-,-,-,-,-,-,-,-,-,-,-,-,-,-,-,-,-,-,-,-,-,-,-,-,-,-,-,-,-,-,-,V,-,-,-,-,-,-,P,-,-,-,-,A,A,-,-,-,-,-,-,-,-,N,V,T,-,-,-,-,-,-,-,-,-,-,-,-,-,-,-,-,-,-,-,-,-,-,-,-,-,-,-,-,-,-,-,-,-,-,-,-,R,-,-,-,-,-,-,-,-,-,-,-,-,-,-,-,-,-,-,-,-,-,-,-,-,-,-,-,I,-,-,-,-,S,-,-,-,-,-,-,-,-,-,-,-,-,-,-,-,-,-,-,-,-,-,-,-,-,-,-,-,I,-,-,-,-,-,-,-,-,-,-,-,-,-,-,-,-,-,-,-,-,-,-,-,-,-,-,-,-,-,-,-,-,-,-,-,-,-,-,-,-,-,-,-,-,-,-,-,-,G,-,-,-,-,-
"KX389648.1 HIV-1 isolate 12NG060409 from Nigeria gag protein (gag) gene, complete cds; pol protein-like (pol) gene, partial sequence; and vif protein (vif), vpr protein (vpr), tat protein (tat), rev protein (rev), vpu protein (vpu), envelope glycoprotein (env), and nef protein (nef) genes, complete cds",-,-,-,-,-,-,-,-,-,-,-,-,-,R,-,-,-,-,-,K,-,-,-,-,-,-,-,-,-,-,-,-,-,-,-,-,-,-,-,-,-,-,-,-,-,-,-,-,-,I,-,-,-,-,-,-,-,-,-,-,-,-,-,-,-,-,-,-,-,-,-,-,-,-,-,-,-,-,-,-,-,-,-,-,-,-,-,-,-,-,-,-,-,-,-,-,-,-,-,-,I,-,-,-,-,-,-,-,-,-,-,V,-,-,-,-,-,-,-,-,-,-,-,N,A,-,-,-,-,-,-,-,-,S,-,T,-,-,-,-,-,-,-,-,-,-,-,-,-,-,-,-,-,-,-,-,-,-,-,-,-,-,-,-,-,-,-,-,-,-,-,-,-,-,-,-,-,-,-,-,-,-,-,-,-,-,-,-,-,-,-,-,-,-,-,-,-,-,-,-,I,-,-,-,-,S,-,M,-,-,-,-,-,-,-,-,V,S,-,-,-,-,-,-,-,-,-,-,-,-,-,-,-,I,-,-,-,-,-,-,-,-,-,-,-,-,-,-,-,-,-,-,-,-,N,E,-,-,-,-,-,-,-,-,-,-,-,L,-,-,-,-,-,-,-,-,-,-,-,-,-,-,G,-,-,-,-,-
"KX389649.1 HIV-1 isolate 12NG060418 from Nigeria gag protein (gag) gene, complete cds; pol protein (pol) gene, partial cds; vif protein (vif), vpr protein (vpr), and tat protein (tat) genes, complete cds; rev protein-like (rev) gene, complete sequence; and vpu protein (vpu), envelope glycoprotein (env), and nef protein (nef) genes, complete cds",-,-,-,-,-,-,-,-,-,-,-,-,-,R,-,-,-,-,-,-,-,-,-,N,-,-,-,-,-,-,I,-,-,-,-,-,-,-,-,-,-,-,-,-,-,-,-,-,-,-,-,-,-,-,-,-,-,-,-,-,-,-,-,-,-,-,-,-,-,-,-,-,-,-,-,-,-,-,-,-,-,-,-,-,-,-,-,-,-,-,-,-,-,-,-,-,-,-,-,-,I,-,-,-,-,-,-,-,-,-,-,V,-,-,-,-,-,-,-,-,-,-,-,A,A,-,-,-,-,-,-,-,-,N,V,T,-,-,-,-,-,-,-,-,-,-,-,-,-,-,-,-,-,-,-,-,H,-,-,Q,-,-,-,-,-,-,-,-,-,-,-,-,-,-,-,-,-,-,-,-,-,-,-,-,-,-,-,-,-,-,-,-,-,-,-,-,-,-,-,-,I,-,-,-,-,S,-,-,-,-,-,-,-,-,-,-,-,-,-,-,-,-,-,-,-,-,-,-,-,-,-,-,-,I,-,-,-,-,-,-,-,-,-,-,-,-,-,-,-,-,-,-,-,-,-,-,-,-,-,-,-,-,-,-,-,-,-,-,-,-,-,-,-,-,-,-,-,-,-,-,-,-,G,-,-,-,-,-
"KY953197.1 HIV-1 isolate DE00211NG009 from Nigeria, partial genome",-,-,-,-,-,-,-,-,-,-,-,-,-,-,-,-,-,-,-,-,-,-,-,-,-,-,-,-,-,-,I,-,-,-,-,-,-,-,-,-,-,-,-,-,-,-,-,-,-,-,-,-,-,-,-,-,-,-,-,-,-,-,-,-,-,-,-,-,-,-,-,-,-,-,-,-,-,-,-,-,-,-,-,-,-,-,-,-,-,-,-,-,-,-,-,-,-,-,-,-,I,-,-,-,-,-,-,-,-,-,-,V,-,-,-,-,-,-,-,-,-,-,-,A,A,-,-,-,-,-,-,-,-,D,-,T,-,-,-,-,-,-,-,-,-,-,-,-,-,-,-,-,-,-,-,-,-,-,-,-,-,-,-,-,-,-,-,-,-,-,-,-,-,-,-,-,-,-,-,-,-,-,-,-,-,-,-,R,-,-,-,-,-,-,-,-,-,-,-,-,I,-,-,-,-,S,-,-,-,-,-,-,-,-,-,-,-,-,-,-,S,-,-,-,-,-,-,-,-,-,-,-,-,I,-,-,-,-,-,-,-,-,-,-,-,-,-,-,-,-,-,-,-,-,-,-,-,-,-,-,-,-,-,-,-,-,-,-,-,-,-,-,-,-,-,-,-,-,-,-,-,-,G,-,-,-,-,-
"KY953198.1 HIV-1 isolate DE00211NG010 from Nigeria, partial genome",-,-,-,-,-,-,-,-,-,-,-,-,-,R,-,-,-,-,-,-,-,-,-,-,-,-,-,-,-,-,I,-,-,-,-,-,-,-,-,-,-,-,-,-,-,-,-,-,-,-,-,-,-,-,-,-,-,-,-,-,-,-,-,-,-,-,-,-,-,-,-,-,-,-,-,-,-,-,-,-,-,-,-,-,-,-,-,-,-,-,-,-,-,-,-,-,-,-,-,-,I,-,-,-,-,-,-,-,-,-,-,V,-,-,-,-,-,-,P,-,-,-,-,A,A,-,-,-,-,-,-,-,-,N,V,T,-,-,-,-,-,-,-,-,-,-,-,-,-,-,-,-,-,-,-,-,-,-,-,-,-,-,-,-,-,-,-,-,-,-,-,-,-,-,-,-,-,-,-,-,-,-,-,-,-,-,-,-,-,-,-,-,-,-,-,-,-,-,-,-,I,-,-,-,-,S,-,-,-,-,-,-,-,-,-,-,-,-,-,-,-,-,-,-,-,-,-,-,-,-,-,-,-,I,-,-,-,-,-,-,-,-,-,-,-,-,-,-,-,-,-,-,-,-,-,E,-,-,-,-,-,-,-,-,-,-,-,L,-,-,-,-,Q,-,-,-,-,G,-,-,-,-,G,-,-,-,-,-
"KY953199.1 HIV-1 isolate DE01109NG003 from Nigeria, partial genome",-,-,-,-,-,-,-,-,-,-,-,-,-,R,-,-,-,-,-,-,-,-,-,-,-,-,-,-,-,-,I,-,-,-,-,-,-,-,-,-,-,-,-,-,-,-,-,-,-,-,-,-,-,-,-,-,-,-,-,-,-,-,-,-,-,-,-,-,-,-,-,-,-,M,-,-,-,-,-,-,-,-,-,-,-,-,-,-,-,-,-,-,-,-,-,-,-,-,-,-,-,-,-,-,-,-,-,-,-,-,T,V,-,-,-,-,-,-,-,-,-,-,-,A,A,-,-,-,-,-,-,-,-,-,-,Q,-,-,-,-,-,-,-,-,-,-,-,-,-,-,-,-,-,-,-,-,-,-,-,-,-,-,-,-,-,-,E,-,-,-,-,-,-,-,-,-,-,-,-,-,-,-,-,-,-,-,-,-,-,-,-,-,-,-,-,-,-,-,-,-,-,-,-,-,-,S,-,L,-,-,-,-,-,-,-,-,-,-,-,-,-,-,-,-,-,-,-,-,-,-,-,-,-,I,-,-,-,-,-,-,-,-,-,-,-,-,-,-,-,-,-,-,-,-,-,-,-,-,-,-,-,-,-,-,-,-,-,-,-,-,-,-,-,-,-,-,-,G,-,-,-,-,-,G,-,-,-,N
"KY953200.1 HIV-1 isolate DEMG11NG006 from Nigeria, partial genome",-,-,-,-,-,-,-,-,-,-,-,-,-,-,-,-,-,-,-,K,-,-,-,-,-,-,-,-,-,-,-,-,-,-,-,-,-,-,-,-,-,-,-,-,-,-,-,-,-,-,-,-,-,-,-,-,-,-,-,-,-,-,-,-,-,-,-,-,-,-,-,-,-,-,-,-,-,-,-,-,-,-,-,-,-,-,-,-,-,-,-,-,-,-,-,-,-,-,-,-,I,-,-,-,-,-,-,-,-,-,-,I,-,-,-,-,-,-,-,-,-,-,-,-,-,-,-,-,-,-,-,-,-,N,-,T,-,-,-,-,-,-,-,-,-,-,-,-,-,-,-,-,-,-,-,-,-,-,-,-,-,-,-,-,-,-,-,-,-,-,-,-,-,-,-,-,-,-,-,-,-,IL,-,-,-,-,-,-,-,-,-,-,-,-,-,-,-,-,-,-,I,-,-,-,-,S,-,-,-,-,-,-,-,-,-,-,-,-,-,-,-,-,-,-,-,-,-,-,-,-,-,-,-,I,-,-,-,-,-,-,-,-,-,-,-,-,-,-,-,-,-,-,-,-,-,E,-,-,-,-,-,-,-,-,-,-,-,-,-,-,-,-,-,-,-,-,-,-,-,-,-,-,G,-,-,-,-,-
"KY953201.1 HIV-1 isolate DEMG11NG007 from Nigeria, partial genome",-,-,-,-,-,-,-,-,-,-,D,-,-,R,-,-,-,-,-,-,-,-,-,N,-,-,-,-,-,-,I,-,-,-,-,-,-,-,-,-,-,-,-,-,-,-,-,-,-,-,-,-,-,-,-,-,-,-,-,-,-,-,-,-,-,-,-,-,-,-,-,-,-,-,-,-,-,-,-,-,-,-,-,-,-,-,-,-,-,-,T,-,-,-,K,-,-,-,-,-,I,-,-,-,-,-,-,-,-,-,-,V,-,-,-,-,-,-,-,-,-,-,-,N,A,-,-,-,-,-,-,-,-,N,-,T,-,-,-,-,-,-,-,-,-,-,-,-,-,-,-,-,-,-,-,-,-,-,-,-,-,-,A,-,-,-,-,-,-,-,-,-,-,-,-,-,-,-,-,-,-,-,-,-,-,-,-,-,-,-,-,-,-,-,-,-,-,-,-,-,I,-,-,-,-,S,-,-,-,-,-,-,-,-,-,-,-,-,-,-,-,-,-,-,-,-,F,-,-,-,-,-,-,I,-,-,-,-,-,-,-,-,-,-,-,-,-,-,-,-,-,-,-,-,N,E,-,-,-,-,-,-,-,-,-,-,-,-,-,-,-,-,-,-,-,-,-,-,-,-,-,-,G,-,-,-,-,-
"KY953202.1 HIV-1 isolate DEMG11NG008 from Nigeria, partial genome",-,-,-,-,-,E,-,-,-,-,-,-,-,-,-,-,N,-,-,-,-,-,-,-,-,-,-,-,-,-,I,-,-,-,-,-,-,-,N,-,-,-,-,-,-,-,-,-,-,-,-,-,-,-,-,-,-,-,-,-,-,-,-,-,-,-,-,-,-,-,-,-,-,-,-,-,-,-,-,-,-,-,-,-,-,-,-,-,-,-,-,-,-,-,-,-,-,-,-,-,-,-,-,-,-,-,-,-,-,-,-,V,-,-,-,-,-,-,P,-,-,-,-,N,A,-,-,-,-,-,-,-,-,N,-,T,-,-,-,-,-,-,-,-,-,-,-,-,-,-,-,-,-,-,-,-,Q,-,-,-,-,-,-,-,-,-,-,-,-,-,-,-,-,-,-,-,-,-,-,-,-,-,-,-,-,-,-,-,-,-,-,-,-,-,-,-,-,-,-,-,I,-,-,-,-,S,-,-,-,-,-,-,-,-,-,-,-,-,-,-,-,-,-,-,-,-,-,-,E,-,-,-,-,-,-,-,-,-,-,-,-,-,-,-,-,-,-,-,-,-,-,-,-,-,N,E,-,-,-,-,-,-,-,-,-,-,-,-,-,-,-,-,-,-,-,-,-,-,-,-,-,-,G,-,-,-,-,-
"KY953203.1 HIV-1 isolate DEURF09NG004 from Nigeria, partial genome",-,-,-,-,-,-,-,-,-,-,-,-,-,R,-,-,-,-,-,-,-,-,-,-,-,-,-,-,-,-,I,-,-,-,-,-,-,-,-,-,-,-,-,-,-,-,-,-,-,-,-,-,-,-,-,-,-,-,-,-,-,-,-,-,-,-,-,-,-,-,-,-,-,-,-,-,-,-,-,-,-,-,-,-,-,-,-,-,-,-,-,-,-,-,-,-,-,-,-,-,I,-,-,-,-,-,-,-,-,-,-,V,-,-,-,-,-,-,-,-,-,-,-,N,A,-,-,-,-,-,-,-,-,S,-,T,-,-,-,-,-,-,-,-,-,-,-,-,-,-,-,-,-,-,-,-,-,-,-,-,-,-,S,-,-,-,E,-,-,-,-,-,-,-,-,-,-,-,-,-,-,-,-,-,-,-,-,R,-,-,-,-,-,-,-,-,-,-,-,-,I,-,-,-,-,S,-,-,-,-,-,-,-,-,-,-,-,-,-,-,-,-,-,-,-,-,-,-,-,-,-,-,-,I,-,-,-,-,-,-,-,-,-,-,-,-,-,-,-,-,-,-,-,-,N,E,L,-,-,-,-,-,-,-,-,-,-,L,-,-,-,-,-,-,-,-,-,-,-,-,-,-,G,-,-,E,-,-
"L39106.1 Human immunodeficiency virus type 1 gag polyprotein (gag), pol polyprotein (pol), vpr protein (vpr), vif protein (vif), rev protein (rev), vpu protein (vpu), env polyprotein (env), and nef protein (nef) genes, complete cds",-,-,-,-,-,-,-,-,-,-,-,-,-,R,-,-,-,-,-,K,-,-,-,-,-,-,-,-,-,-,I,-,-,-,-,-,-,-,-,-,-,-,-,-,M,-,-,-,-,-,-,-,-,-,-,-,G,-,-,-,-,-,-,-,-,-,-,-,-,-,-,-,-,-,-,-,-,-,-,-,-,-,-,-,-,-,-,-,-,-,-,-,-,-,-,-,-,-,-,-,I,-,-,-,-,-,-,-,-,-,-,V,-,-,-,-,-,-,-,-,-,-,-,A,A,-,-,-,-,-,-,-,-,N,V,T,-,-,-,-,-,-,-,-,-,-,-,-,-,-,-,-,-,-,-,-,-,-,-,-,-,-,-,-,-,-,-,-,-,-,-,-,-,-,-,-,-,-,-,-,-,-,-,-,-,-,-,-,-,-,-,-,-,-,-,-,-,-,-,-,I,-,-,-,-,S,-,-,-,-,-,-,-,-,-,-,-,I,-,-,-,-,-,-,-,-,-,-,-,-,-,-,-,I,-,-,-,-,-,-,-,-,-,-,-,-,-,-,-,-,-,-,-,-,-,-,-,-,-,-,-,-,-,-,-,-,-,-,-,-,-,-,-,-,-,-,-,-,-,-,-,-,G,-,-,-,-,-
"MH078558.1 HIV-1 isolate DEURF11NG005 from Nigeria, partial genome",-,-,-,-,-,-,-,-,-,-,-,-,-,R,-,-,-,-,-,-,T,-,V,-,-,-,-,-,-,-,-,-,-,-,-,-,-,-,-,-,-,-,-,-,-,-,-,-,-,-,-,-,-,-,-,-,-,-,-,-,-,-,-,-,-,-,-,-,-,-,-,-,-,-,-,-,-,-,-,-,-,-,-,-,-,-,-,-,-,-,-,-,-,-,P,-,-,-,-,-,I,-,-,-,-,-,-,-,-,-,-,V,-,-,-,-,-,-,-,-,-,-,-,A,A,-,-,-,-,-,-,-,-,N,-,T,-,-,-,-,-,-,-,-,-,-,-,-,-,-,-,-,-,-,-,-,-,-,-,-,-,-,-,-,-,-,E,-,-,-,-,-,-,-,-,-,-,-,-,-,-,-,-,-,-,-,-,-,-,-,-,-,-,-,-,-,-,-,-,-,I,-,-,-,-,-,-,-,-,-,-,-,-,-,-,-,-,-,-,-,-,-,-,-,-,-,-,-,-,-,-,-,-,I,-,-,-,-,-,-,-,-,-,-,-,-,-,-,-,-,-,-,-,-,-,-,-,-,-,-,-,-,-,-,-,-,-,-,-,-,-,-,-,-,-,-,-,-,-,-,-,-,G,-,-,-,-,-
"MH078559.1 HIV-1 isolate DEURF11NG011 from Nigeria, partial genome",-,-,-,-,-,-,-,-,-,-,D,-,-,R,-,-,-,-,-,-,-,-,-,-,-,-,-,-,-,-,I,-,-,-,-,-,-,-,-,-,-,-,-,-,-,-,-,-,-,I,-,-,-,-,-,-,-,-,-,-,-,-,V,-,-,-,-,-,-,-,-,-,-,I,-,-,-,-,-,-,-,-,-,-,-,-,-,-,-,-,-,-,-,-,-,-,-,-,-,-,-,-,-,-,-,-,-,-,-,-,-,V,-,-,-,-,-,-,-,-,-,-,-,A,A,-,-,-,-,-,-,-,-,-,-,T,-,-,-,-,-,-,-,-,-,-,-,-,-,-,-,-,-,-,-,-,-,-,-,-,-,-,-,-,-,-,E,-,-,-,-,-,-,-,-,-,-,-,-,-,-,-,-,-,-,-,-,-,-,-,-,-,R,-,-,-,-,-,-,-,I,-,-,-,-,S,-,-,-,-,-,-,-,-,-,-,-,-,-,-,-,-,-,-,-,-,-,-,-,-,-,-,-,I,-,-,-,-,-,-,-,-,-,-,-,-,-,-,-,-,-,-,-,-,-,-,-,-,-,-,-,-,-,-,V,-,-,-,-,-,-,-,-,-,-,-,-,-,-,-,-,-,G,-,-,-,-,-
"MH666155.1 HIV-1 isolate 20428v01 from Nigeria gag protein (gag) gene, complete cds; pol protein (pol) gene, partial cds; and vif protein (vif), vpr protein (vpr), tat protein (tat), rev protein (rev), vpu protein (vpu), envelope glycoprotein (env), and nef protein (nef) genes, complete cds",-,-,-,-,-,-,-,-,-,-,-,-,-,R,-,-,-,-,-,-,-,-,-,-,-,-,-,-,-,-,I,-,-,-,-,-,-,-,-,-,-,-,-,-,-,-,-,-,-,-,-,-,-,-,-,-,G,-,-,-,-,-,-,-,-,-,-,-,-,-,-,V,-,-,-,-,-,-,-,-,-,-,-,-,-,-,-,-,-,-,-,-,-,-,-,-,-,-,-,-,-,-,-,-,-,-,-,-,-,-,-,-,-,-,-,-,-,-,-,-,-,-,-,A,-,-,-,-,-,-,-,-,-,-,-,-,-,-,-,-,-,-,-,-,-,-,-,-,-,-,-,-,-,-,-,-,-,-,-,-,-,-,-,-,-,-,-,-,-,-,-,-,-,-,-,-,-,-,-,-,-,-,-,-,-,-,-,-,-,-,-,-,-,-,-,-,-,-,-,-,I,-,-,-,-,S,-,-,-,-,-,-,-,-,-,-,-,I,-,-,-,-,-,-,-,-,-,-,-,-,-,-,-,-,-,-,-,-,-,-,-,-,-,-,-,-,-,-,-,-,-,-,-,-,-,E,-,-,-,-,-,-,-,-,-,-,-,-,-,-,-,-,-,-,-,-,-,-,-,-,-,-,G,-,-,-,-,-
"MH666156.1 HIV-1 isolate 20268v01 from Nigeria gag protein (gag) gene, complete cds; pol protein (pol) gene, partial cds; and vif protein (vif), vpr protein (vpr), tat protein (tat), rev protein (rev), vpu protein (vpu), envelope glycoprotein (env), and nef protein (nef) genes, complete cds",-,-,-,-,-,-,-,-,-,-,-,-,-,-,-,-,-,-,-,-,-,-,-,-,-,-,-,-,-,-,I,-,-,-,-,-,-,-,-,-,-,-,-,-,-,-,-,-,-,-,-,-,-,-,-,-,G,-,-,-,-,-,-,-,-,-,-,-,-,-,-,V,-,-,-,-,-,-,-,-,-,-,-,-,-,-,-,-,-,-,-,-,-,-,-,-,-,-,-,-,-,-,-,-,-,-,-,-,-,-,E,-,-,-,-,-,-,-,-,-,-,-,-,-,-,-,-,-,-,-,-,-,-,-,-,-,-,-,-,-,-,-,-,-,-,-,-,-,-,-,-,-,-,-,-,-,-,-,-,-,-,-,-,-,-,-,-,-,-,-,-,-,-,-,-,-,-,-,-,-,-,-,-,-,-,-,-,-,-,-,-,-,-,-,-,-,-,-,-,-,I,-,-,-,-,S,-,-,-,-,-,-,-,-,-,-,-,-,-,-,-,-,-,-,-,-,-,-,-,-,-,-,-,-,-,-,-,-,-,-,-,-,-,-,-,-,-,-,-,-,-,-,-,-,-,-,-,-,-,-,-,-,-,-,V,-,-,-,-,-,-,-,-,-,-,-,-,-,-,-,-,-,G,-,-,E,-,-
"MH666157.1 HIV-1 isolate 20168v01 from Nigeria gag protein (gag) gene, complete cds; pol protein (pol) gene, partial cds; and vif protein (vif), vpr protein (vpr), tat protein (tat), rev protein (rev), vpu protein (vpu), envelope glycoprotein (env), and nef protein (nef) genes, complete cds",-,-,-,-,-,-,-,-,-,-,-,-,-,-,-,-,-,-,-,-,-,-,-,-,-,-,-,-,-,-,I,-,-,-,-,-,-,-,-,-,-,-,-,-,-,-,-,-,-,-,-,-,-,-,-,-,-,-,-,-,-,-,-,-,-,-,-,-,-,-,-,V,-,-,-,-,-,-,-,-,-,-,-,-,-,-,-,-,-,-,-,-,-,-,-,-,-,-,-,-,-,-,-,-,-,-,-,-,-,-,-,-,-,-,-,-,-,-,P,-,-,I,-,N,-,-,-,-,-,-,-,-,-,-,-,-,-,-,-,-,-,-,-,-,-,-,-,-,-,-,-,-,-,-,-,-,-,-,-,-,-,-,S,-,-,-,-,-,-,-,-,-,-,-,-,-,-,-,-,-,-,-,-,-,-,-,-,-,-,-,-,-,-,-,-,-,-,-,-,-,I,-,-,-,-,S,-,-,-,-,-,-,-,-,-,-,-,-,-,-,-,-,-,-,-,-,F,-,-,-,-,-,-,I,-,-,-,-,-,-,-,-,-,-,-,-,-,-,-,-,-,-,-,-,-,E,-,-,-,-,-,-,-,-,V,-,-,-,K,-,-,-,-,-,-,-,-,-,-,-,-,-,G,-,-,-,-,-
"MH666158.1 HIV-1 isolate 20126v01 from Nigeria gag protein (gag) gene, complete cds; pol protein (pol) gene, partial cds; and vif protein (vif), vpr protein (vpr), tat protein (tat), rev protein (rev), vpu protein (vpu), envelope glycoprotein (env), and nef protein (nef) genes, complete cds",-,-,-,-,-,-,-,-,-,-,D,-,-,-,-,-,-,-,-,-,-,-,-,-,-,-,-,-,-,-,-,-,-,-,-,-,-,-,-,-,-,-,-,-,-,-,-,-,-,-,-,-,-,-,-,-,-,-,-,-,-,-,-,-,-,-,-,-,-,-,-,V,-,-,-,-,-,-,-,-,-,-,-,M,-,-,-,-,-,-,-,-,-,-,-,-,-,-,-,-,I,-,-,-,-,-,-,-,-,-,-,I,-,-,-,-,-,-,-,-,-,-,-,N,-,-,-,-,-,-,-,-,-,-,-,-,-,-,-,-,-,-,-,-,-,-,-,-,-,-,-,-,-,-,-,-,-,-,-,-,-,-,-,-,-,-,-,-,-,-,-,-,-,-,-,-,-,-,-,-,-,-,-,-,-,-,-,-,-,-,-,-,-,-,-,-,-,-,-,-,I,-,-,-,-,S,-,-,-,-,-,-,-,-,-,-,-,-,-,-,-,-,-,-,-,-,-,-,-,-,-,-,-,-,-,-,-,-,-,-,-,-,-,-,-,-,-,-,-,-,-,-,-,-,-,E,-,-,-,-,-,-,-,-,-,-,-,-,-,-,-,-,-,-,V,-,-,-,-,-,-,-,G,-,-,-,-,-
"MH666162.1 HIV-1 isolate 20389v01 from Nigeria gag protein (gag) gene, complete cds; pol protein (pol) gene, partial cds; and vif protein (vif), vpr protein (vpr), tat protein (tat), rev protein (rev), vpu protein (vpu), envelope glycoprotein (env), and nef protein (nef) genes, complete cds",-,-,-,-,-,-,-,-,-,-,D,-,-,-,-,-,-,-,-,K,-,-,-,-,-,-,-,-,-,-,I,-,-,-,-,-,-,-,-,-,-,-,-,-,-,-,-,-,-,I,-,-,-,-,-,-,G,-,-,-,-,-,-,-,-,-,-,-,-,-,-,V,-,-,-,-,-,-,-,-,-,-,-,-,-,-,-,-,-,-,-,-,-,-,-,-,-,-,-,-,I,-,-,-,-,-,-,-,-,-,-,V,-,-,-,-,-,-,-,-,-,-,-,A,A,-,-,-,-,-,-,-,-,N,V,T,-,-,-,-,-,-,-,-,-,-,-,-,-,-,-,-,-,-,-,-,-,-,-,-,-,-,-,-,-,-,-,-,-,-,-,-,-,-,-,-,-,-,-,-,-,-,-,-,-,-,-,-,-,-,-,-,-,-,-,-,-,-,-,-,I,-,-,-,-,S,-,-,-,-,-,-,-,-,-,-,-,-,-,-,-,-,-,-,-,-,-,-,-,-,-,-,-,I,-,-,-,-,-,-,-,-,-,-,-,-,-,-,-,-,-,-,-,-,-,-,-,-,-,-,-,-,-,-,-,-,-,-,-,-,-,-,-,-,-,-,-,-,-,-,-,-,G,-,-,-,-,-
"MT222940.1 HIV-1 isolate DEURF11NG013 from Nigeria, complete genome",-,-,-,-,-,-,-,-,-,-,-,-,-,R,-,-,N,-,-,-,-,-,-,-,-,-,-,-,-,-,-,-,-,-,-,-,-,-,-,-,-,-,-,-,-,-,-,-,-,-,-,-,-,-,-,-,-,-,-,-,-,-,-,-,-,-,-,-,-,-,-,-,-,I,-,-,-,-,-,-,-,-,-,-,-,-,-,-,-,-,E,-,-,-,-,-,-,-,-,-,I,-,-,-,-,A,-,-,-,-,-,I,-,-,-,-,-,-,R,-,-,-,-,A,-,-,-,-,-,-,-,-,-,N,V,T,-,-,-,-,-,-,-,-,-,-,-,-,-,-,-,-,-,-,-,-,-,-,-,-,-,-,-,-,I,-,-,-,-,-,-,-,R,-,-,-,-,-,-,-,-,-,-,-,-,-,-,-,-,-,-,-,-,-,-,-,-,-,-,-,I,-,-,-,-,S,-,-,-,-,-,-,-,-,-,-,-,-,-,-,-,-,-,-,-,-,-,-,-,-,-,-,-,I,-,-,-,-,-,-,-,-,-,-,-,-,-,-,-,-,-,-,-,-,-,-,-,-,-,-,-,-,-,-,-,-,-,-,K,-,-,-,-,-,-,-,-,-,-,-,-,-,G,-,-,-,-,-
OQ791467.1 MAG: HIV-1 isolate a0472 genomic sequence,-,-,-,-,-,-,-,-,-,-,-,-,D,R,-,-,-,-,-,-,-,-,-,-,-,-,-,-,-,-,I,-,-,-,-,-,-,-,-,-,-,-,-,-,-,-,-,-,-,-,-,-,-,-,-,-,-,-,-,-,-,-,-,-,-,-,-,-,-,-,-,V,-,-,-,-,-,-,-,-,-,-,-,-,-,-,-,-,-,-,-,-,-,-,-,-,-,-,-,-,I,-,-,-,-,-,-,-,-,-,-,V,-,-,-,-,-,-,P,-,-,-,-,A,A,-,-,-,-,-,-,-,-,N,-,T,-,-,-,-,-,-,-,-,-,-,-,-,-,-,-,-,-,-,-,-,-,-,-,-,-,-,-,-,-,-,-,-,-,-,-,-,-,-,-,-,-,-,-,-,-,-,-,-,-,-,-,-,-,-,-,-,-,-,-,-,-,-,-,-,I,-,-,-,-,S,-,-,-,-,-,-,-,-,-,-,-,-,-,-,-,-,-,-,-,-,F,-,-,-,-,-,-,I,-,-,-,-,-,-,-,-,-,-,-,-,-,-,-,-,-,-,-,K,G,-,-,-,-,-,-,-,-,-,-,-,-,-,K,-,-,-,-,-,-,-,-,-,-,-,-,-,-,-,-,-,-,-
U88825.1 HIV-1 isolate 92NG003 from Nigeria complete genome,-,-,-,-,-,-,-,-,-,-,D,-,-,R,-,-,-,-,-,-,-,-,-,-,-,-,-,-,-,-,I,-,-,-,-,-,-,-,-,-,-,-,-,-,-,-,-,-,-,-,-,-,-,-,-,-,-,-,-,-,-,-,-,-,-,-,-,-,-,-,-,V,-,I,-,-,-,-,-,-,-,-,-,-,-,-,-,-,-,-,-,-,-,-,-,-,-,-,-,-,-,-,-,-,-,-,-,-,-,-,-,V,-,-,-,-,-,-,-,-,-,-,-,A,A,M,-,-,-,-,-,-,-,N,-,Q,-,-,-,-,-,-,-,-,-,-,-,-,-,-,-,-,-,-,-,-,-,-,-,-,-,-,-,-,-,-,-,-,-,-,-,-,-,-,-,-,-,-,-,-,-,-,-,-,-,-,-,-,-,-,-,-,-,-,-,-,-,-,-,-,I,-,-,-,-,S,-,-,-,-,-,-,-,-,-,-,-,I,-,-,-,-,-,-,-,-,-,-,-,-,-,-,-,I,-,-,-,-,-,-,-,-,-,-,-,-,-,-,-,-,-,-,-,-,-,E,-,-,-,-,-,-,-,-,V,-,-,-,K,-,-,-,-,-,-,-,-,G,-,-,-,-,G,-,-,-,-,-
U88826.1 HIV-1 isolate 92NG083 from Nigeria complete genome,-,-,-,-,-,-,-,-,-,-,-,-,-,R,-,-,-,-,-,-,-,-,-,-,-,-,-,-,-,-,-,-,-,-,-,-,-,-,-,-,-,-,-,-,-,-,-,-,-,-,-,-,-,-,-,-,-,-,-,-,-,-,-,-,-,-,-,-,-,-,-,-,-,I,-,-,-,-,-,-,-,-,-,-,-,-,-,-,-,-,-,-,-,-,-,-,-,-,-,-,I,-,-,-,-,-,-,-,-,-,-,V,-,-,-,-,-,-,P,-,-,I,-,A,A,-,-,-,-,-,-,-,-,N,-,T,-,-,-,-,-,-,-,-,-,-,-,-,-,-,-,-,-,-,-,-,-,-,-,-,-,-,-,-,-,G,-,-,-,-,-,-,-,-,-,-,-,-,-,-,-,-,-,-,-,-,-,-,-,-,-,-,-,-,-,-,-,-,-,-,I,-,-,-,-,S,-,-,-,-,-,-,-,-,-,-,-,I,-,-,-,-,-,-,-,-,-,-,-,-,-,-,-,I,-,-,-,-,-,-,-,-,-,-,-,-,-,-,-,-,-,-,-,-,N,E,-,-,-,-,-,-,-,-,-,-,-,L,K,-,-,-,-,-,-,-,-,G,-,-,-,-,G,-,-,-,-,-