Sequence Name,1,2,3,4,5,6,7,8,9,10,11,12,13,14,15,16,17,18,19,20,21,22,23,24,25,26,27,28,29,30,31,32,33,34,35,36,37,38,39,40,41,42,43,44,45,46,47,48,49,50,51,52,53,54,55,56,57,58,59,60,61,62,63,64,65,66,67,68,69,70,71,72,73,74,75,76,77,78,79,80,81,82,83,84,85,86,87,88,89,90,91,92,93,94,95,96,97,98,99
Ref Sequence,P,Q,I,T,L,W,Q,R,P,L,V,T,I,K,I,G,G,Q,L,K,E,A,L,L,D,T,G,A,D,D,T,V,L,E,E,M,N,L,P,G,R,W,K,P,K,M,I,G,G,I,G,G,F,I,K,V,R,Q,Y,D,Q,I,L,I,E,I,C,G,H,K,A,I,G,T,V,L,V,G,P,T,P,V,N,I,I,G,R,N,L,L,T,Q,I,G,C,T,L,N,F
"DQ168573.1 HIV-1 isolate 01NGPL0567 from Nigeria gag protein (gag) and pol protein (pol) genes, partial cds; and vif protein (vif), vpr protein (vpr), tat protein (tat), rev protein (rev), vpu protein (vpu), envelope glycoprotein (env), and nef protein (nef) genes, complete cds",-,-,-,-,-,-,-,-,-,-,-,-,V,-,-,-,-,-,-,I,-,-,-,-,-,-,-,-,-,-,-,-,-,-,Q,I,-,-,-,-,K,-,-,-,-,-,-,-,-,-,-,-,-,-,-,-,K,-,-,-,-,-,P,M,-,-,E,-,K,-,-,-,-,-,-,-,-,-,-,-,-,I,-,-,-,-,-,-,M,-,-,-,-,-,-,-,-,-,-
"DQ168575.1 HIV-1 isolate 01NGPL0674 from Nigeria gag protein (gag) and pol protein (pol) genes, partial cds; and vif protein (vif), vpr protein (vpr), tat protein (tat), rev protein (rev), vpu protein (vpu), envelope glycoprotein (env), and nef protein (nef) genes, complete cds",-,-,-,-,-,-,-,-,-,-,-,-,V,R,-,-,-,-,-,I,-,-,-,-,-,-,-,-,-,-,-,-,-,-,Q,I,D,-,-,-,K,-,-,-,-,-,-,-,-,-,-,-,-,-,-,-,K,-,-,-,-,-,P,-,-,-,E,-,K,-,-,-,-,-,-,-,-,-,-,-,-,I,-,-,-,-,-,-,M,-,-,-,-,-,-,-,-,-,-
"DQ168576.1 HIV-1 isolate 01NGPL0669 from Nigeria gag protein (gag) and pol protein (pol) genes, partial cds; and vif protein (vif), vpr protein (vpr), tat protein (tat), rev protein (rev), vpu protein (vpu), envelope glycoprotein (env), and nef protein (nef) genes, complete cds",-,-,-,-,-,-,-,-,-,I,-,-,V,R,-,-,-,-,-,I,-,-,-,-,-,-,-,-,-,-,-,-,-,-,Q,I,-,-,-,-,K,-,-,-,-,-,-,-,-,-,-,-,-,-,-,-,K,-,-,-,-,-,P,-,-,-,E,-,K,-,-,-,-,-,-,-,-,-,-,-,-,I,-,-,-,-,-,-,M,-,-,-,-,-,-,-,-,-,-
"DQ168577.1 HIV-1 isolate 01NGPL0710 from Nigeria gag protein (gag) and pol protein (pol) genes, partial cds; and vif protein (vif), vpr protein (vpr), tat protein (tat), rev protein (rev), vpu protein (vpu), envelope glycoprotein (env), and nef protein (nef) genes, complete cds",-,-,-,-,-,-,-,-,-,-,-,A,V,R,-,E,-,-,-,I,-,-,-,-,-,-,-,-,-,-,-,-,-,-,D,I,-,-,-,-,K,-,-,-,-,-,-,-,-,-,-,-,-,-,-,-,-,-,-,-,-,-,A,-,-,-,-,-,K,-,-,-,-,-,-,-,-,-,-,-,-,-,-,-,-,-,-,-,M,-,-,-,-,-,-,-,-,-,-
"DQ168578.1 HIV-1 isolate 01NGPL0754 from Nigeria gag protein (gag) and pol protein (pol) genes, partial cds; and vif protein (vif), vpr protein (vpr), tat protein (tat), rev protein (rev), vpu protein (vpu), envelope glycoprotein (env), and nef protein (nef) genes, complete cds",-,-,-,-,-,-,-,-,-,-,-,-,V,-,-,E,-,-,-,I,-,-,-,-,-,-,-,-,-,-,-,-,-,-,K,I,E,-,-,-,K,-,-,-,-,-,-,-,-,-,-,-,-,-,-,-,-,-,-,-,-,-,-,-,-,-,-,-,K,-,-,-,-,-,-,-,-,-,-,-,-,-,-,-,-,-,-,-,M,-,-,-,-,-,-,-,-,-,-
"DQ168579.1 HIV-1 isolate 01NGPL0760 from Nigeria gag protein (gag) and pol protein (pol) genes, partial cds; vif protein (vif), vpr protein (vpr), tat protein (tat), rev protein (rev), vpu protein (vpu), and envelope glycoprotein (env) genes, complete cds; and nef protein (nef) gene, partial cds",-,-,-,-,-,-,-,-,-,-,-,-,V,-,-,-,-,-,-,I,-,-,-,-,-,-,-,-,-,-,-,-,-,-,Q,I,D,-,-,-,K,-,-,-,-,-,-,-,-,-,-,-,-,-,-,-,K,-,-,-,-,-,-,-,-,-,E,-,K,-,-,-,-,-,-,-,-,-,-,-,-,I,-,-,-,-,-,-,M,-,-,-,-,-,-,-,-,-,-
"JN248580.1 HIV-1 isolate 06NG.SC11 from Nigeria gag protein (gag) and pol protein (pol) genes, partial cds; vif protein (vif), vpr protein (vpr), and tat protein (tat) genes, complete cds; nonfunctional rev protein (rev) gene, complete sequence; and vpu protein (vpu), envelope glycoprotein (env), and nef protein (nef) genes, complete cds",-,-,-,-,-,-,-,-,-,-,-,-,A,-,-,-,-,-,-,I,-,-,-,-,-,-,-,-,-,-,-,-,-,-,-,I,-,-,-,-,K,-,-,-,-,-,-,-,-,-,-,-,-,-,-,-,-,-,-,-,-,-,-,-,-,-,-,-,K,-,-,-,-,-,-,-,-,-,-,-,-,-,-,-,-,-,-,-,M,-,-,-,-,-,-,-,-,-,-
"JN248582.1 HIV-1 isolate 08NG.SC13 from Nigeria nonfunctional gag protein (gag) gene, partial sequence; pol protein (pol) gene, partial cds; and vif protein (vif), vpr protein (vpr), tat protein (tat), rev protein (rev), vpu protein (vpu), envelope glycoprotein (env), and nef protein (nef) genes, complete cds",-,-,-,-,-,-,-,-,-,-,-,-,V,R,-,-,-,-,-,I,-,-,-,-,-,-,-,-,-,-,-,-,-,-,Q,I,D,-,-,-,K,-,-,-,-,-,-,-,-,-,-,-,-,-,-,-,K,-,-,-,-,-,-,-,-,-,E,-,K,-,-,-,-,-,-,-,-,-,-,-,-,I,-,-,-,-,-,-,M,-,-,-,-,-,-,-,-,-,-
"JN248584.1 HIV-1 isolate 09NG.SC21 from Nigeria nonfunctional gag protein (gag) gene, partial sequence; pol protein (pol) gene, partial cds; vif protein (vif), vpr protein (vpr), tat protein (tat), rev protein (rev), and vpu protein (vpu) genes, complete cds; nonfunctional env protein (env) gene, complete sequence; and nef protein (nef) gene, complete cds",-,-,-,-,-,-,-,-,-,I,-,-,V,R,-,-,-,-,-,I,-,-,-,-,-,-,-,-,-,-,-,-,-,-,-,I,S,-,-,-,K,-,-,-,-,-,-,-,-,-,-,-,-,-,-,-,-,-,-,-,-,-,P,-,-,-,S,-,Q,-,-,-,-,-,-,-,-,-,-,-,-,I,-,-,-,-,-,-,M,-,-,-,-,-,-,-,-,-,-
"JN248585.1 HIV-1 isolate 09NG.SC24 from Nigeria nonfunctional gag protein (gag) gene, partial sequence; pol protein (pol) gene, partial cds; vif protein (vif) and vpr protein (vpr) genes, complete cds; nonfunctional tat protein (tat) gene, complete sequence; and rev protein (rev), vpu protein (vpu), envelope glycoprotein (env), and nef protein (nef) genes, complete cds",-,-,-,-,-,-,-,-,-,-,-,-,V,-,-,E,-,-,-,I,-,-,-,-,-,-,-,-,-,-,-,-,-,-,-,I,-,-,-,-,K,-,-,-,-,-,-,-,-,-,-,-,-,-,-,-,-,-,-,-,-,-,-,M,-,-,-,-,K,-,-,-,-,-,-,-,-,-,-,-,-,-,-,-,-,-,-,-,M,-,-,-,-,-,-,-,-,-,-
"JN248586.1 HIV-1 isolate 09NG.SC26 from Nigeria nonfunctional gag protein (gag) gene, partial sequence; pol protein (pol) gene, partial cds; vif protein (vif), vpr protein (vpr), tat protein (tat), rev protein (rev), vpu protein (vpu), and envelope glycoprotein (env) genes, complete cds; and nonfunctional nef protein (nef) gene, complete sequence",-,-,-,-,-,-,-,-,-,-,-,-,V,-,-,-,-,-,-,I,-,-,-,-,-,-,-,-,-,-,-,-,-,-,Q,I,D,-,-,-,-,-,-,-,-,-,-,-,-,-,-,-,-,-,-,-,K,-,-,-,-,-,S,-,-,-,E,-,R,-,-,-,-,-,-,-,-,-,-,-,-,I,-,-,-,-,-,-,I,-,-,-,-,-,-,-,-,-,-
"JN248587.1 HIV-1 isolate 09NG.SC27 from Nigeria gag protein (gag) and pol protein (pol) genes, partial cds; and vif protein (vif), vpr protein (vpr), tat protein (tat), rev protein (rev), vpu protein (vpu), envelope glycoprotein (env), and nef protein (nef) genes, complete cds",-,-,-,-,-,-,-,-,-,I,-,A,V,R,V,-,-,-,-,I,-,-,-,-,-,-,-,-,-,-,-,-,-,-,-,I,-,-,-,-,K,-,-,-,-,-,-,-,-,-,-,-,-,-,-,-,-,-,-,-,-,-,-,V,-,-,-,-,Q,-,-,-,-,-,-,-,-,-,-,-,-,-,-,-,-,-,-,-,M,-,-,-,-,-,-,-,-,-,-
"JN248589.1 HIV-1 isolate 09NG.SC29 from Nigeria nonfunctional gag protein (gag) gene, partial sequence; pol protein (pol) gene, partial cds; and vif protein (vif), vpr protein (vpr), tat protein (tat), rev protein (rev), vpu protein (vpu), envelope glycoprotein (env), and nef protein (nef) genes, complete cds",-,-,-,-,-,-,-,-,-,-,-,-,V,R,-,E,-,-,-,I,-,-,-,-,-,-,-,-,-,-,-,-,-,-,D,I,-,-,-,-,K,-,-,-,-,-,-,-,-,-,-,-,-,-,-,-,-,-,-,-,-,-,-,-,-,-,-,-,K,R,-,-,-,-,-,-,I,-,-,-,-,-,-,-,-,-,-,-,M,-,-,-,-,-,-,-,-,-,-
"JN248590.1 HIV-1 isolate 09NG.SC30 from Nigeria nonfunctional gag protein (gag) gene, partial sequence; pol protein (pol) gene, partial cds; and vif protein (vif), vpr protein (vpr), tat protein (tat), rev protein (rev), vpu protein (vpu), envelope glycoprotein (env), and nef protein (nef) genes, complete cds",-,-,-,-,-,-,-,-,-,-,-,-,V,-,-,-,-,-,-,I,-,-,-,-,-,-,-,-,-,-,-,-,-,-,D,I,-,-,-,-,K,-,-,-,-,-,-,-,-,-,-,-,-,-,-,-,-,-,-,-,-,-,-,V,-,-,-,-,K,-,-,-,-,-,-,-,-,-,-,-,-,-,-,-,-,-,-,-,M,-,-,-,-,-,-,-,-,-,-
"JN248591.1 HIV-1 isolate 09NG.SC31 from Nigeria nonfunctional gag protein (gag) and nonfunctional pol protein (pol) genes, partial sequence; vif protein (vif), vpr protein (vpr), tat protein (tat), rev protein (rev), vpu protein (vpu), and envelope glycoprotein (env) genes, complete cds; and nonfunctional nef protein (nef) gene, complete sequence",-,-,-,-,-,-,-,-,-,-,-,A,V,R,-,-,-,-,-,I,-,-,-,-,-,-,-,-,-,-,-,-,-,-,-,I,-,-,-,-,-,-,-,-,-,-,-,-,-,-,-,-,-,-,R,-,K,-,-,-,-,-,A,-,-,-,E,-,K,-,-,-,-,-,-,-,-,-,-,-,-,I,-,-,-,-,-,-,M,-,-,-,-,-,-,-,-,-,-
"JN248592.1 HIV-1 isolate 09NG.SC61 from Nigeria nonfunctional gag protein (gag) gene, partial sequence; pol protein (pol) gene, partial cds; vif protein (vif), vpr protein (vpr), tat protein (tat), rev protein (rev), and vpu protein (vpu) genes, complete cds; nonfunctional env protein (env) gene, complete sequence; and nef protein (nef) gene, complete cds",-,-,-,-,-,-,-,-,-,-,-,-,V,N,-,-,-,-,-,I,-,-,-,-,-,-,-,-,-,-,-,-,-,-,-,I,S,-,-,-,-,-,-,-,-,-,-,-,-,-,-,-,-,-,-,-,-,-,-,-,-,-,S,-,-,-,-,-,K,-,-,-,-,-,-,-,-,-,-,-,-,-,-,-,-,-,-,-,M,-,-,-,-,-,-,-,-,-,-
"JN248593.1 HIV-1 isolate 09NG.SC62 from Nigeria nonfunctional gag protein (gag) gene, partial sequence; pol protein (pol) gene, partial cds; nonfunctional vif protein (vif) gene, complete sequence; vpr protein (vpr), tat protein (tat), rev protein (rev), vpu protein (vpu), and envelope glycoprotein (env) genes, complete cds; and nonfunctional nef protein (nef) gene, complete sequence",-,-,-,-,-,-,-,-,-,-,-,-,V,R,-,-,-,-,-,I,-,-,-,-,-,-,-,-,-,-,-,-,-,-,Q,I,D,-,-,-,K,-,-,-,-,-,-,-,-,-,-,-,-,-,-,-,-,-,-,-,-,-,P,L,K,-,E,-,K,-,-,-,-,-,-,-,-,R,-,-,-,I,-,-,-,-,-,-,M,-,-,-,-,-,-,-,-,-,-
"KX228821.1 HIV-1 isolate Read5_HIV_C from Nigeria, partial genome",-,-,-,-,-,-,-,-,-,-,-,-,-,R,V,-,-,-,I,-,-,-,-,-,-,-,-,-,-,-,-,-,-,-,D,I,-,-,-,-,K,-,-,-,-,-,-,-,-,-,-,-,-,-,-,-,-,-,-,-,-,V,T,-,D,-,-,-,K,-,-,-,-,S,-,-,-,-,-,-,-,-,-,-,-,-,-,-,M,-,-,-,L,-,-,-,-,-,-
"KX389608.1 HIV-1 isolate 10NG040248 from Nigeria gag protein (gag) gene, complete cds; pol protein (pol) gene, partial cds; and vif protein (vif), vpr protein (vpr), tat protein (tat), rev protein (rev), vpu protein (vpu), envelope glycoprotein (env), and nef protein (nef) genes, complete cds",-,-,-,-,-,-,-,-,-,I,I,-,V,-,-,E,-,-,-,-,-,-,-,-,-,-,-,-,-,-,-,-,-,-,D,I,-,-,-,-,K,-,-,-,-,-,-,-,-,-,-,-,-,-,-,-,-,-,-,-,-,-,-,-,-,-,-,-,Q,-,-,-,-,-,-,-,-,-,-,-,-,-,-,-,-,-,-,-,M,-,-,-,-,-,-,-,-,-,-
"KX389609.1 HIV-1 isolate 10NG030498 from Nigeria gag protein (gag) gene, complete cds; pol protein (pol) gene, partial cds; and vif protein (vif), vpr protein (vpr), tat protein (tat), rev protein (rev), vpu protein (vpu), envelope glycoprotein (env), and nef protein (nef) genes, complete cds",-,-,-,-,-,-,-,-,-,-,-,-,V,R,-,-,-,-,-,I,-,-,-,-,-,-,-,-,-,-,-,-,-,-,D,I,D,-,-,-,K,-,-,-,-,-,-,-,-,-,-,-,-,-,-,-,-,-,-,-,-,-,S,L,-,-,-,-,K,-,-,-,-,-,-,-,-,-,-,-,-,-,-,-,-,-,-,-,M,-,-,-,-,-,-,-,-,-,-
"KX389610.1 HIV-1 isolate 10NG030161 from Nigeria gag protein (gag) gene, complete cds; pol protein (pol) gene, partial cds; and vif protein (vif), vpr protein (vpr), tat protein (tat), rev protein (rev), vpu protein (vpu), envelope glycoprotein (env), and nef protein (nef) genes, complete cds",-,-,-,-,-,-,-,-,-,-,-,K,A,-,-,-,-,-,-,I,-,-,-,-,-,-,-,-,-,-,-,-,-,-,-,I,D,-,-,-,K,-,-,-,-,-,-,-,-,-,-,-,-,-,-,-,-,-,-,-,-,-,P,-,-,-,-,-,K,-,-,M,-,-,-,-,-,-,-,-,-,-,-,-,-,-,-,-,M,-,-,-,-,-,-,-,-,-,-
"KX389611.1 HIV-1 isolate 10NG020545 from Nigeria gag protein (gag) gene, complete cds; pol protein (pol) gene, partial cds; vif protein (vif) and vpr protein (vpr) genes, complete cds; tat protein-like (tat) gene, complete sequence; and rev protein (rev), vpu protein (vpu), envelope glycoprotein (env), and nef protein (nef) genes, complete cds",-,-,-,-,-,-,-,-,-,-,-,-,V,R,-,-,-,-,-,I,-,-,-,-,-,-,-,-,-,-,-,-,-,-,K,I,D,-,-,-,K,-,-,-,-,-,-,-,-,-,-,-,-,-,-,-,-,-,-,-,-,-,-,-,-,-,-,-,K,-,-,-,-,-,-,-,-,-,-,-,-,-,-,-,-,-,-,-,M,-,-,-,-,-,-,-,-,-,-
"KX389612.1 HIV-1 isolate 10NG020523 from Nigeria gag protein (gag) gene, complete cds; pol protein (pol) gene, partial cds; vif protein (vif), vpr protein (vpr), and tat protein (tat) genes, complete cds; rev protein-like (rev) gene, complete sequence; and vpu protein (vpu), envelope glycoprotein (env), and nef protein (nef) genes, complete cds",-,-,-,-,-,-,-,-,-,M,-,S,-,-,-,-,-,-,I,-,-,-,-,-,-,-,-,-,-,-,-,-,-,-,-,-,-,-,-,-,K,-,-,-,-,-,-,-,-,-,-,-,-,-,-,-,-,-,-,-,-,-,S,-,-,-,S,-,K,R,-,-,-,-,-,-,-,-,-,-,-,-,-,-,-,-,-,-,M,-,-,-,L,-,-,-,-,-,-
"KX389613.1 HIV-1 isolate 10NG020468 from Nigeria gag protein (gag) gene, complete cds; pol protein (pol) gene, partial cds; and vif protein (vif), vpr protein (vpr), tat protein (tat), rev protein (rev), vpu protein (vpu), envelope glycoprotein (env), and nef protein (nef) genes, complete cds",-,-,-,-,-,-,-,-,-,-,-,S,V,R,-,-,E,-,-,I,-,-,-,-,-,-,-,-,-,-,-,-,-,-,-,I,S,-,-,-,K,-,-,-,-,-,-,-,-,-,-,-,-,-,-,-,-,-,-,-,-,-,-,L,-,-,-,-,K,R,-,-,-,-,-,-,-,-,-,-,-,-,-,-,-,-,-,-,M,-,-,-,-,-,-,-,-,-,-
"KX389614.1 HIV-1 isolate 10NG020437 from Nigeria gag protein (gag) gene, complete cds; pol protein (pol) gene, partial cds; and vif protein (vif), vpr protein (vpr), tat protein (tat), rev protein (rev), vpu protein (vpu), envelope glycoprotein (env), and nef protein (nef) genes, complete cds",-,-,-,-,-,-,-,-,-,V,-,-,A,-,V,-,-,-,P,I,-,-,-,-,-,-,-,-,-,-,-,-,-,-,D,I,-,-,-,-,K,-,-,-,-,-,-,-,-,-,-,-,-,-,-,-,-,-,-,-,-,-,P,-,-,-,-,-,K,-,-,-,-,-,-,-,-,-,-,-,-,-,-,-,-,-,-,-,M,-,-,-,-,-,-,-,-,-,-
"KX389615.1 HIV-1 isolate 10NG020420 from Nigeria gag protein (gag) gene, complete cds; pol protein (pol) gene, partial cds; vif protein (vif), vpr protein (vpr), tat protein (tat), rev protein (rev), and vpu protein (vpu) genes, complete cds; envelope glycoprotein-like (env) gene, complete sequence; and nef protein (nef) gene, complete cds",-,-,-,-,-,-,-,-,-,-,-,-,V,R,-,-,-,-,-,I,-,-,-,-,-,-,-,-,-,-,-,-,-,-,Q,I,-,-,-,-,K,-,-,-,R,-,-,-,-,-,-,-,-,-,-,-,K,-,-,-,-,-,P,-,-,-,E,-,K,-,-,-,-,-,-,-,-,-,-,-,-,I,-,-,-,-,-,-,M,-,-,-,-,-,-,-,-,-,-
"KX389616.1 HIV-1 isolate 10NG020382 from Nigeria gag protein (gag) gene, complete cds; pol protein (pol) gene, partial cds; and vif protein (vif), vpr protein (vpr), tat protein (tat), rev protein (rev), vpu protein (vpu), envelope glycoprotein (env), and nef protein (nef) genes, complete cds",-,-,-,-,-,-,-,-,-,-,-,-,V,R,-,E,-,-,-,I,-,-,-,-,-,-,-,-,-,-,-,-,-,-,D,I,-,-,-,-,K,-,-,-,-,-,-,-,-,-,-,-,-,-,-,-,-,-,-,-,-,-,-,-,-,-,-,-,K,-,-,-,-,-,-,-,-,-,-,-,-,-,-,-,-,-,-,-,M,-,-,-,-,-,-,-,-,-,-
"KX389617.1 HIV-1 isolate 10NG020307 from Nigeria gag protein (gag) gene, complete cds; pol protein (pol) gene, partial cds; and vif protein (vif), vpr protein (vpr), tat protein (tat), rev protein (rev), vpu protein (vpu), envelope glycoprotein (env), and nef protein (nef) genes, complete cds",-,-,-,-,-,-,-,-,-,IV,-,-,V,-,-,-,-,-,P,I,-,-,-,-,-,-,-,-,-,-,-,-,-,-,D,I,-,-,-,-,K,-,-,-,-,-,-,-,-,-,-,-,-,-,-,-,-,-,-,-,-,-,-,-,-,-,CS,-,K,-,-,-,-,-,-,-,-,-,-,-,-,-,-,-,-,-,-,-,M,-,-,-,-,-,-,-,-,-,-
"KX389618.1 HIV-1 isolate 10NG020303 from Nigeria gag protein (gag) gene, complete cds; pol protein (pol) gene, partial cds; and vif protein (vif), vpr protein (vpr), tat protein (tat), rev protein (rev), vpu protein (vpu), envelope glycoprotein (env), and nef protein (nef) genes, complete cds",-,-,-,-,-,-,-,-,-,-,-,-,V,R,-,-,-,-,-,I,-,-,-,-,-,-,-,-,-,-,-,-,-,-,Q,I,-,-,-,-,K,-,-,-,-,-,-,-,-,-,-,-,-,-,-,-,K,-,-,-,-,-,-,-,-,-,E,-,R,-,-,-,-,-,-,-,-,-,-,-,-,I,-,-,-,-,-,-,M,-,-,-,-,-,-,-,-,-,-
"KX389619.1 HIV-1 isolate 10NG020134 from Nigeria gag protein (gag) gene, complete cds; pol protein (pol) gene, partial cds; and vif protein (vif), vpr protein (vpr), tat protein (tat), rev protein (rev), vpu protein (vpu), envelope glycoprotein (env), and nef protein (nef) genes, complete cds",-,-,-,-,-,-,-,-,-,-,-,-,V,-,V,-,-,-,T,I,-,-,-,-,-,-,-,-,-,-,-,-,-,-,D,I,-,-,S,-,K,-,-,-,-,-,-,-,-,-,-,-,-,-,-,-,-,-,-,-,-,-,-,-,-,-,S,-,R,-,-,-,-,-,-,-,-,-,-,-,-,I,-,-,-,-,-,-,M,-,-,-,-,-,-,-,-,-,-
"KX389620.1 HIV-1 isolate 10NG020133 from Nigeria gag protein (gag) gene, complete cds; pol protein (pol) gene, partial cds; and vif protein (vif), vpr protein (vpr), tat protein (tat), rev protein (rev), vpu protein (vpu), envelope glycoprotein (env), and nef protein (nef) genes, complete cds",-,-,-,-,-,-,-,-,-,M,-,K,V,R,-,-,-,-,-,I,-,-,-,-,-,-,-,-,-,-,-,-,-,-,Q,I,E,-,-,-,K,-,-,-,-,-,-,-,-,-,-,-,-,-,-,-,K,-,-,-,-,-,-,-,-,-,E,-,K,-,-,-,-,-,-,-,-,-,-,-,-,-,-,-,-,-,-,-,M,-,-,-,-,-,-,-,-,-,-
"KX389621.1 HIV-1 isolate 10NG020065 from Nigeria gag protein (gag) gene, complete cds; pol protein (pol) gene, partial cds; and vif protein (vif), vpr protein (vpr), tat protein (tat), rev protein (rev), vpu protein (vpu), envelope glycoprotein (env), and nef protein (nef) genes, complete cds",-,-,-,-,-,-,-,-,-,-,-,S,A,R,V,-,-,-,-,I,-,-,-,-,-,-,-,-,-,-,-,-,-,-,D,I,-,-,-,-,K,-,-,-,-,-,-,-,-,-,-,-,-,-,-,-,-,-,-,-,-,-,P,-,-,-,-,-,K,-,-,-,-,-,-,-,-,-,-,-,-,-,-,-,-,-,-,-,M,-,-,-,-,-,-,-,-,-,-
"KX389622.1 HIV-1 isolate 09NG010499 from Nigeria gag protein (gag) gene, complete cds; pol protein (pol) gene, partial cds; and vif protein (vif), vpr protein (vpr), tat protein (tat), rev protein (rev), vpu protein (vpu), envelope glycoprotein (env), and nef protein (nef) genes, complete cds",-,-,-,-,-,-,-,-,-,V,-,-,V,-,-,E,-,-,-,R,-,-,-,-,-,-,-,-,-,-,-,-,-,-,D,I,-,-,-,-,K,-,R,-,-,-,-,-,-,-,-,-,-,-,-,-,-,-,-,-,-,-,T,-,-,-,-,-,K,-,-,-,-,-,-,-,-,-,-,-,-,-,-,-,-,-,-,-,M,-,-,-,-,-,-,-,-,-,-
"KX389623.1 HIV-1 isolate 09NG010483 from Nigeria gag protein (gag) gene, complete cds; pol protein (pol) gene, partial cds; vif protein (vif), vpr protein (vpr), tat protein (tat), rev protein (rev), and vpu protein (vpu) genes, complete cds; envelope glycoprotein-like (env) gene, complete sequence; and nef protein (nef) gene, complete cds",-,-,-,-,-,-,-,-,-,-,-,-,V,-,-,-,-,-,-,I,-,-,-,-,-,-,-,-,-,-,-,-,-,-,-,I,T,-,-,-,K,-,-,-,-,-,-,-,-,-,-,-,-,-,-,-,-,-,-,-,-,-,-,M,-,-,-,-,K,-,-,-,-,-,-,-,-,-,-,-,-,-,-,-,-,-,-,-,M,-,-,-,-,-,-,-,-,-,-
"KX389624.1 HIV-1 isolate 09NG010325 from Nigeria gag protein (gag) gene, complete cds; pol protein (pol) gene, partial cds; and vif protein (vif), vpr protein (vpr), tat protein (tat), rev protein (rev), vpu protein (vpu), envelope glycoprotein (env), and nef protein (nef) genes, complete cds",-,-,-,-,-,-,-,-,-,-,-,-,V,-,-,-,-,-,-,I,-,-,-,-,-,-,-,-,-,-,-,-,-,-,-,I,-,-,-,-,K,-,-,-,-,-,-,-,-,-,-,-,-,-,-,-,-,-,-,-,-,-,-,-,-,-,-,-,K,-,-,-,-,-,-,-,-,-,-,-,-,-,-,-,-,-,-,-,M,-,-,-,-,-,-,-,-,-,-
"KX389625.1 HIV-1 isolate 09NG010315 from Nigeria gag protein (gag) gene, complete cds; pol protein (pol) gene, partial cds; and vif protein (vif), vpr protein (vpr), tat protein (tat), rev protein (rev), vpu protein (vpu), envelope glycoprotein (env), and nef protein (nef) genes, complete cds",-,-,-,-,-,-,-,-,-,-,-,-,V,KR,-,-,-,-,-,I,-,-,-,-,-,-,-,-,-,-,-,-,-,-,Q,I,D,-,-,-,K,-,-,-,R,-,-,-,-,-,-,-,-,-,-,-,K,-,-,-,-,-,-,-,-,-,E,-,K,-,-,-,-,-,-,-,-,-,-,-,-,I,-,-,-,-,-,-,M,-,-,-,-,-,-,-,-,-,-
"KX389626.1 HIV-1 isolate 09NG010261 from Nigeria gag protein (gag) gene, complete cds; pol protein (pol) gene, partial cds; and vif protein (vif), vpr protein (vpr), tat protein (tat), rev protein (rev), vpu protein (vpu), envelope glycoprotein (env), and nef protein (nef) genes, complete cds",-,-,-,-,-,-,-,-,-,-,-,-,V,R,-,-,-,-,-,I,-,-,-,-,-,-,-,-,-,-,-,-,-,-,Q,I,D,-,-,-,K,-,-,-,-,-,-,-,-,-,-,-,-,-,-,-,K,-,-,-,-,-,P,M,-,-,E,-,K,-,-,-,-,-,-,-,-,-,-,-,-,I,-,-,-,-,-,-,M,-,-,-,-,-,-,-,-,-,-
"KX389627.1 HIV-1 isolate 09NG010208 from Nigeria gag protein (gag) gene, complete cds; pol protein (pol) gene, partial cds; and vif protein (vif), vpr protein (vpr), tat protein (tat), rev protein (rev), vpu protein (vpu), envelope glycoprotein (env), and nef protein (nef) genes, complete cds",-,-,-,-,-,-,-,-,-,-,-,-,V,R,-,-,-,-,-,I,-,-,-,-,-,-,-,-,-,-,-,-,-,-,-,I,-,-,-,-,K,-,-,-,-,-,-,-,-,-,-,-,-,-,-,-,-,-,-,-,E,-,-,-,-,-,E,-,K,-,-,-,-,-,-,-,-,-,-,-,-,I,-,-,-,-,-,-,M,-,-,-,-,-,-,-,-,-,-
"KX389628.1 HIV-1 isolate 09NG010205 from Nigeria gag protein (gag) gene, complete cds; pol protein (pol) gene, partial cds; vif protein (vif) and vpr protein (vpr) genes, complete cds; tat protein-like (tat) and rev protein-like (rev) genes, complete sequence; vpu protein (vpu) gene, complete cds; envelope glycoprotein-like (env) gene, complete sequence; and nef protein (nef) gene, complete cds",-,-,-,-,-,-,-,-,-,-,-,-,V,R,-,-,-,-,-,I,-,-,-,-,-,-,-,-,-,-,-,-,-,-,Q,I,-,-,-,-,K,-,-,-,-,-,-,-,-,-,-,-,-,-,-,-,K,-,-,-,E,-,-,-,-,-,E,-,K,-,-,-,-,-,-,-,-,-,-,-,-,I,-,-,-,-,-,-,M,-,-,-,-,-,-,-,-,-,-
"KX389629.1 HIV-1 isolate 09NG010181 from Nigeria gag protein (gag) gene, complete cds; pol protein (pol) gene, partial cds; and vif protein (vif), vpr protein (vpr), tat protein (tat), rev protein (rev), vpu protein (vpu), envelope glycoprotein (env), and nef protein (nef) genes, complete cds",-,-,-,-,-,-,-,-,-,-,-,-,A,R,V,-,-,-,-,I,-,-,-,-,-,-,-,-,-,-,-,-,-,-,D,I,D,-,-,-,K,-,-,-,-,-,-,-,-,-,-,-,-,-,-,-,-,-,-,-,-,-,P,-,-,-,-,-,K,-,-,-,-,-,-,-,-,-,-,-,-,-,-,-,-,-,-,-,M,-,-,-,-,-,-,-,-,-,-
"KX389630.1 HIV-1 isolate 09NG010170 from Nigeria gag protein (gag) gene, complete cds; pol protein (pol) gene, partial cds; and vif protein (vif), vpr protein (vpr), tat protein (tat), rev protein (rev), vpu protein (vpu), envelope glycoprotein (env), and nef protein (nef) genes, complete cds",-,-,-,-,-,-,-,-,-,-,-,-,A,R,-,-,-,-,-,I,-,-,-,-,-,-,-,-,-,-,-,-,-,-,-,I,-,-,-,-,K,-,-,-,-,-,-,-,-,-,-,-,-,-,-,-,-,-,-,-,-,-,-,-,-,-,-,-,K,KR,-,-,-,-,-,-,-,-,-,-,-,-,-,-,-,-,-,-,I,-,-,-,-,-,-,-,-,-,-
"KX389631.1 HIV-1 isolate 09NG010157 from Nigeria gag protein (gag) gene, complete cds; pol protein (pol) gene, partial cds; and vif protein (vif), vpr protein (vpr), tat protein (tat), rev protein (rev), vpu protein (vpu), envelope glycoprotein (env), and nef protein (nef) genes, complete cds",-,-,-,-,-,-,-,-,-,-,-,-,V,R,-,-,-,-,-,I,-,-,-,-,-,-,-,-,-,-,-,-,-,-,Q,I,D,-,-,-,-,-,-,-,-,-,-,-,-,-,-,-,-,-,-,-,K,-,-,-,-,-,-,-,-,-,E,-,K,-,-,-,-,-,-,-,-,-,-,-,-,I,-,-,-,-,-,-,M,-,-,-,-,-,-,-,-,-,-
"KX389632.1 HIV-1 isolate 09NG010145 from Nigeria gag protein (gag) gene, complete cds; pol protein (pol) gene, partial cds; and vif protein (vif), vpr protein (vpr), tat protein (tat), rev protein (rev), vpu protein (vpu), envelope glycoprotein (env), and nef protein (nef) genes, complete cds",-,-,-,-,-,-,-,-,-,-,-,-,A,R,-,-,-,-,-,I,-,-,-,-,-,-,-,-,-,-,-,-,-,-,D,I,-,-,-,-,K,-,-,-,-,-,-,-,-,-,-,-,-,-,-,-,-,-,-,-,-,-,-,-,-,-,-,-,K,-,-,-,-,-,-,-,-,-,-,-,-,-,-,-,-,-,-,-,M,-,-,-,-,-,-,-,-,-,-
"KX389633.1 HIV-1 isolate 09NG010131 from Nigeria gag protein (gag) gene, complete cds; pol protein (pol) gene, partial cds; and vif protein (vif), vpr protein (vpr), tat protein (tat), rev protein (rev), vpu protein (vpu), envelope glycoprotein (env), and nef protein (nef) genes, complete cds",-,-,-,-,-,-,-,-,-,-,-,-,V,-,V,A,-,-,-,-,-,-,-,-,-,-,-,-,-,-,-,-,-,-,-,I,D,-,-,-,-,-,-,-,-,-,-,-,-,-,-,-,-,-,-,-,-,-,-,E,E,V,-,-,-,-,E,-,K,-,-,-,-,-,-,-,-,-,-,-,-,-,-,-,-,-,-,-,M,-,-,-,-,-,-,-,-,-,-
"KX389634.1 HIV-1 isolate 09NG010129 from Nigeria gag protein (gag) gene, complete cds; pol protein (pol) gene, partial cds; and vif protein (vif), vpr protein (vpr), tat protein (tat), rev protein (rev), vpu protein (vpu), envelope glycoprotein (env), and nef protein (nef) genes, complete cds",-,-,-,-,-,-,-,-,-,-,-,-,V,-,-,E,-,-,-,I,-,-,-,-,-,-,-,-,-,-,-,-,-,-,-,I,E,-,-,-,K,-,-,-,-,-,-,-,-,-,-,-,-,-,-,-,-,-,-,-,-,-,-,-,-,-,-,-,K,R,-,-,-,-,-,-,-,-,-,-,-,-,-,-,-,-,-,-,M,-,-,-,-,-,-,-,-,-,-
"KX389635.1 HIV-1 isolate 09NG010105 from Nigeria gag protein (gag) gene, complete cds; pol protein (pol) gene, partial cds; and vif protein (vif), vpr protein (vpr), tat protein (tat), rev protein (rev), vpu protein (vpu), envelope glycoprotein (env), and nef protein (nef) genes, complete cds",-,-,-,-,-,-,-,-,-,-,-,-,V,-,-,-,-,-,-,I,-,-,-,-,-,-,-,-,-,-,-,-,-,-,Q,I,-,-,-,-,K,-,-,-,-,-,-,-,-,-,-,-,-,-,-,-,K,-,-,-,-,-,P,-,-,-,E,-,K,-,-,-,-,-,-,-,-,-,-,-,-,I,-,-,-,-,-,-,M,-,-,-,-,-,-,-,-,-,-
"KX389636.1 HIV-1 isolate 09NG010079 from Nigeria gag protein (gag) gene, complete cds; pol protein (pol) gene, partial cds; vif protein (vif), vpr protein (vpr), tat protein (tat), rev protein (rev), and vpu protein (vpu) genes, complete cds; envelope glycoprotein-like (env) gene, complete sequence; and nef protein (nef) gene, complete cds",-,-,-,-,-,-,-,-,-,-,-,-,V,R,-,-,-,K,-,I,-,-,-,-,-,-,-,-,-,-,-,-,-,-,Q,I,D,-,-,-,K,-,-,-,-,-,-,-,-,-,-,-,-,-,-,-,K,-,-,-,-,-,M,-,-,-,E,-,R,-,-,-,-,-,-,-,-,-,-,-,-,I,-,-,-,-,-,-,M,-,-,-,-,-,-,-,-,-,-
"KX389637.1 HIV-1 isolate 09NG010073 from Nigeria gag protein (gag) gene, complete cds; pol protein (pol) gene, partial cds; and vif protein (vif), vpr protein (vpr), tat protein (tat), rev protein (rev), vpu protein (vpu), envelope glycoprotein (env), and nef protein (nef) genes, complete cds",-,-,-,-,-,-,-,-,-,-,-,-,V,R,-,-,-,-,-,I,-,-,-,-,-,-,-,-,-,-,-,-,-,-,D,I,-,-,-,-,K,-,-,-,-,-,-,-,-,-,-,-,-,-,-,-,-,-,-,-,-,-,-,-,-,-,-,-,K,-,-,-,-,-,-,-,-,-,-,-,-,-,-,-,-,-,-,-,M,-,-,-,-,-,-,-,-,-,-
"KX389638.1 HIV-1 isolate 09NG010067 from Nigeria gag protein (gag) gene, complete cds; pol protein (pol) gene, partial cds; and vif protein (vif), vpr protein (vpr), tat protein (tat), rev protein (rev), vpu protein (vpu), envelope glycoprotein (env), and nef protein (nef) genes, complete cds",-,-,-,-,-,-,-,-,-,-,-,-,V,R,-,-,-,K,-,I,-,-,-,-,-,-,-,-,-,-,-,-,-,-,Q,I,D,-,-,-,K,-,-,-,-,-,-,-,-,-,-,-,-,-,-,-,-,-,-,-,E,-,-,-,-,-,E,-,R,-,-,V,-,-,-,-,-,-,-,-,-,I,-,-,-,-,-,-,M,-,-,-,-,-,-,-,-,-,-
"KX389639.1 HIV-1 isolate 09NG010060 from Nigeria gag protein (gag) gene, complete cds; pol protein (pol) gene, partial cds; and vif protein (vif), vpr protein (vpr), tat protein (tat), rev protein (rev), vpu protein (vpu), envelope glycoprotein (env), and nef protein (nef) genes, complete cds",-,-,-,-,-,-,-,-,-,-,-,-,V,R,-,-,E,-,-,I,-,-,-,-,-,-,-,-,-,-,-,-,-,-,D,I,S,-,-,-,K,-,-,-,-,-,-,-,-,-,-,-,-,-,-,-,-,-,-,-,-,-,P,-,-,-,-,-,K,-,-,-,-,-,-,-,-,-,-,-,-,-,-,-,-,-,-,-,M,-,-,-,-,-,-,-,-,-,-
"KX389640.1 HIV-1 isolate 11NG050135 from Nigeria gag protein (gag) gene, complete cds; pol protein (pol) gene, partial cds; vif protein (vif), vpr protein (vpr), tat protein (tat), rev protein (rev), and vpu protein (vpu) genes, complete cds; envelope glycoprotein-like (env) gene, complete sequence; and nef protein (nef) gene, complete cds",-,-,-,-,-,-,-,-,-,-,-,-,V,-,-,E,-,-,-,I,-,-,-,-,-,-,-,-,-,-,-,-,-,-,-,I,K,-,-,-,K,-,-,-,-,-,-,-,-,-,-,-,-,-,-,-,-,-,-,-,-,-,-,-,-,-,-,-,K,-,-,-,-,-,-,-,-,-,-,-,-,-,-,-,-,-,-,-,M,-,-,-,-,-,-,-,-,-,-
"KX389641.1 HIV-1 isolate 11NG050158 from Nigeria gag protein (gag) gene, complete cds; pol protein (pol) gene, partial cds; and vif protein (vif), vpr protein (vpr), tat protein (tat), rev protein (rev), vpu protein (vpu), envelope glycoprotein (env), and nef protein (nef) genes, complete cds",-,-,-,-,-,-,-,-,-,-,-,P,V,R,-,-,-,-,-,I,-,-,-,-,-,-,-,-,-,-,-,-,-,-,Q,I,D,-,-,-,-,-,-,-,-,-,-,-,-,-,-,-,-,-,-,-,K,-,-,-,-,-,S,-,-,-,E,-,K,-,-,-,-,-,-,-,-,-,-,-,-,I,-,-,-,-,-,-,I,-,-,-,-,-,-,-,-,-,-
"KX389642.1 HIV-1 isolate 11NG050272 from Nigeria gag protein (gag) gene, complete cds; pol protein (pol) gene, partial cds; and vif protein (vif), vpr protein (vpr), tat protein (tat), rev protein (rev), vpu protein (vpu), envelope glycoprotein (env), and nef protein (nef) genes, complete cds",-,-,-,-,-,-,-,-,-,-,-,-,V,R,-,-,-,-,-,I,-,-,-,-,-,-,-,-,-,-,-,-,-,-,-,I,S,-,-,-,K,-,-,-,-,-,-,-,-,-,-,-,-,-,-,-,-,-,-,-,-,-,-,-,-,-,E,-,K,-,-,-,-,-,-,-,-,-,-,-,-,I,-,-,-,-,-,-,M,-,-,-,-,-,-,-,-,-,-
"KX389643.1 HIV-1 isolate 11NG050356 from Nigeria gag protein (gag) gene, complete cds; pol protein (pol) gene, partial cds; vif protein (vif), vpr protein (vpr), and tat protein (tat) genes, complete cds; rev protein-like (rev) gene, complete sequence; and vpu protein (vpu), envelope glycoprotein (env), and nef protein (nef) genes, complete cds",-,-,-,-,-,-,-,-,-,-,I,-,V,-,-,-,-,-,-,I,-,-,-,-,-,-,-,-,-,-,-,-,-,-,-,I,-,-,-,-,K,-,-,-,-,-,-,-,-,-,-,-,-,-,-,-,-,-,-,-,-,-,-,-,-,-,-,-,K,-,-,-,-,-,-,-,-,-,-,-,-,-,-,-,-,-,-,-,M,-,-,-,-,-,-,-,-,-,-
"KX389644.1 HIV-1 isolate 11NG050366 from Nigeria gag protein (gag) gene, complete cds; pol protein (pol) gene, partial cds; vif protein (vif), vpr protein (vpr), tat protein (tat), rev protein (rev), and vpu protein (vpu) genes, complete cds; envelope glycoprotein-like (env) gene, complete sequence; and nef protein (nef) gene, complete cds",-,-,-,-,-,-,-,-,-,-,-,-,V,R,-,-,E,-,-,I,-,-,-,-,-,-,-,-,-,-,-,-,-,-,D,I,-,-,-,-,K,-,-,-,-,-,-,-,-,-,-,-,-,-,-,-,-,-,-,-,-,-,-,-,-,-,Y,-,K,R,-,-,-,-,-,-,-,-,-,-,-,-,-,-,-,-,-,-,M,-,-,-,-,-,-,-,-,-,-
"KX389645.1 HIV-1 isolate 11NG050489 from Nigeria gag protein (gag) gene, complete cds; pol protein (pol) gene, partial cds; and vif protein (vif), vpr protein (vpr), tat protein (tat), rev protein (rev), vpu protein (vpu), envelope glycoprotein (env), and nef protein (nef) genes, complete cds",-,-,-,-,-,-,-,-,-,-,A,-,V,R,-,-,-,-,-,I,-,-,-,-,-,-,-,-,-,DG,-,-,-,-,Q,I,D,-,-,-,K,-,-,-,-,-,-,-,-,-,-,-,-,-,-,-,K,-,-,-,-,-,P,M,-,-,E,-,K,-,-,-,-,-,-,-,-,-,-,-,-,I,-,-,-,-,-,-,M,-,A,-,-,-,-,-,-,-,-
"KX389646.1 HIV-1 isolate 12NG060248 from Nigeria gag protein (gag) gene, complete cds; pol protein (pol) gene, partial cds; and vif protein (vif), vpr protein (vpr), tat protein (tat), rev protein (rev), vpu protein (vpu), envelope glycoprotein (env), and nef protein (nef) genes, complete cds",-,-,-,-,-,-,-,-,-,-,-,-,V,R,-,-,-,-,-,I,-,-,-,-,-,-,-,-,-,-,-,-,-,-,Q,I,D,-,-,-,K,-,-,-,-,-,-,-,-,-,-,-,-,-,-,-,K,-,-,-,-,-,-,-,-,-,E,-,K,-,-,-,-,-,-,-,-,-,-,-,-,I,-,-,-,-,-,-,M,-,-,-,-,-,-,-,-,-,-
"KX389647.1 HIV-1 isolate 12NG060304 from Nigeria gag protein (gag) gene, complete cds; pol protein (pol) gene, partial cds; and vif protein (vif), vpr protein (vpr), tat protein (tat), rev protein (rev), vpu protein (vpu), envelope glycoprotein (env), and nef protein (nef) genes, complete cds",-,-,-,-,-,-,-,-,-,-,-,-,V,R,-,-,E,-,-,I,-,-,-,-,-,-,-,-,-,-,-,-,-,-,D,I,-,-,-,-,-,-,-,-,-,-,-,-,-,-,-,-,-,-,-,-,-,-,-,-,-,-,H,-,-,-,-,-,K,-,-,-,-,-,-,-,-,-,-,-,-,-,-,-,-,-,-,-,M,-,-,-,-,-,-,-,-,-,-
"KX389648.1 HIV-1 isolate 12NG060409 from Nigeria gag protein (gag) gene, complete cds; pol protein-like (pol) gene, partial sequence; and vif protein (vif), vpr protein (vpr), tat protein (tat), rev protein (rev), vpu protein (vpu), envelope glycoprotein (env), and nef protein (nef) genes, complete cds",PS,-,-,-,-,-,-,-,-,-,-,A,V,R,V,-,-,-,-,I,-,-,-,-,-,-,-,-,-,-,-,-,-,-,K,I,E,-,-,-,K,-,-,-,-,-,-,-,-,-,-,-,-,-,-,-,-,-,-,-,-,V,-,L,-,-,E,-,K,-,-,-,-,S,-,-,-,-,-,-,-,I,-,-,-,-,-,-,M,-,-,-,-,-,-,-,-,-,-
"KX389649.1 HIV-1 isolate 12NG060418 from Nigeria gag protein (gag) gene, complete cds; pol protein (pol) gene, partial cds; vif protein (vif), vpr protein (vpr), and tat protein (tat) genes, complete cds; rev protein-like (rev) gene, complete sequence; and vpu protein (vpu), envelope glycoprotein (env), and nef protein (nef) genes, complete cds",-,-,-,-,-,-,-,-,-,-,-,-,V,R,-,E,-,-,-,I,-,-,-,-,-,-,-,-,-,-,-,-,-,-,-,I,-,-,-,-,K,-,-,-,-,-,-,-,-,-,-,-,-,-,-,-,-,-,-,-,-,-,N,-,-,-,-,-,K,-,-,-,-,-,-,-,-,-,-,-,-,-,-,-,-,-,-,-,M,-,-,-,-,-,-,-,-,-,-
"KY953197.1 HIV-1 isolate DE00211NG009 from Nigeria, partial genome",-,-,-,-,-,-,-,-,-,-,-,-,V,R,-,-,E,-,-,I,-,-,-,-,-,-,-,-,-,-,-,-,-,-,-,I,-,-,-,-,K,-,-,-,-,-,-,-,-,-,-,-,-,-,-,-,-,-,-,-,-,-,P,-,-,-,-,-,K,R,-,-,-,-,-,-,-,-,-,-,-,-,-,-,-,-,-,-,M,-,-,-,-,-,-,-,-,-,-
"KY953198.1 HIV-1 isolate DE00211NG010 from Nigeria, partial genome",-,-,-,-,-,-,-,-,-,V,-,-,V,-,V,-,-,-,P,I,-,-,-,-,-,-,-,-,-,-,-,-,-,-,-,I,-,-,-,-,K,-,-,-,-,-,-,-,-,-,-,-,-,-,-,-,-,-,-,-,N,-,S,-,-,-,-,-,K,-,-,-,-,-,-,-,-,-,-,-,-,-,-,-,-,-,-,-,M,-,-,-,-,-,-,-,-,-,-
"KY953199.1 HIV-1 isolate DE01109NG003 from Nigeria, partial genome",-,-,-,-,-,-,-,-,-,-,-,-,V,R,V,A,-,-,-,-,-,-,-,-,-,-,-,-,-,-,-,-,-,-,Q,I,D,-,-,-,-,-,-,-,-,-,-,-,-,-,-,-,-,-,-,-,-,-,-,E,E,V,-,-,-,-,E,-,K,-,-,-,-,-,-,-,-,-,-,-,-,-,-,-,-,-,-,-,M,-,-,-,-,-,-,-,-,-,-
"KY953200.1 HIV-1 isolate DEMG11NG006 from Nigeria, partial genome",-,-,-,-,-,-,-,-,-,I,-,-,V,R,-,-,-,-,-,I,-,-,-,-,-,-,-,-,-,-,-,-,-,-,Q,I,-,-,-,-,K,-,-,-,-,-,-,-,-,-,-,-,-,-,-,-,K,-,-,-,-,-,P,-,-,-,E,-,K,-,-,-,-,-,-,-,-,-,-,-,-,I,-,-,-,-,-,-,M,-,-,-,-,-,-,-,-,-,-
"KY953201.1 HIV-1 isolate DEMG11NG007 from Nigeria, partial genome",-,-,-,-,-,-,-,-,-,-,-,P,V,R,-,-,-,-,-,I,-,-,-,-,-,-,-,-,-,-,-,-,-,-,Q,I,D,-,-,-,-,-,-,-,-,-,-,-,-,-,-,-,-,-,-,-,K,-,-,-,-,-,P,-,-,-,E,-,K,-,-,-,-,-,-,-,-,-,-,-,-,I,-,-,-,-,-,-,I,-,-,-,-,-,-,-,-,-,-
"KY953202.1 HIV-1 isolate DEMG11NG008 from Nigeria, partial genome",-,-,-,-,-,-,-,-,-,-,-,-,V,-,-,-,-,-,-,I,-,-,-,-,-,-,-,-,-,-,-,-,-,-,Q,I,D,-,-,-,-,-,-,-,-,-,-,-,-,-,-,-,-,-,-,-,K,-,-,-,-,-,-,-,-,-,E,-,R,-,-,-,-,-,-,-,-,-,-,-,-,I,-,-,-,-,-,-,M,-,-,-,-,-,-,-,-,-,-
"KY953203.1 HIV-1 isolate DEURF09NG004 from Nigeria, partial genome",-,-,-,-,-,-,-,-,-,-,-,I,V,R,-,-,-,-,-,I,-,-,-,-,-,-,-,-,-,-,-,-,-,-,Q,I,D,-,-,-,K,-,-,-,-,-,-,-,-,-,-,-,-,-,-,-,-,-,-,-,E,-,-,-,-,-,E,-,R,-,-,V,-,-,-,-,-,-,-,-,-,I,-,-,-,-,-,-,M,-,-,-,-,-,-,-,-,-,-
"L39106.1 Human immunodeficiency virus type 1 gag polyprotein (gag), pol polyprotein (pol), vpr protein (vpr), vif protein (vif), rev protein (rev), vpu protein (vpu), env polyprotein (env), and nef protein (nef) genes, complete cds",-,-,-,-,-,-,-,-,-,-,-,-,V,R,-,E,-,-,-,I,-,-,-,-,-,-,-,-,-,-,-,-,-,-,D,I,-,-,-,-,K,-,-,-,-,-,-,-,-,-,-,-,-,-,-,-,-,-,-,-,-,-,-,-,-,-,-,-,K,-,-,-,-,-,-,-,-,-,-,-,-,-,-,-,-,-,-,-,M,-,-,-,-,-,-,-,-,-,-
"MH078558.1 HIV-1 isolate DEURF11NG005 from Nigeria, partial genome",-,-,-,-,-,-,-,-,-,I,-,-,V,-,-,E,-,-,-,-,-,-,-,-,-,-,-,-,-,-,-,-,-,-,D,I,-,-,-,-,K,-,-,-,-,-,-,-,-,-,-,-,-,-,-,-,-,-,-,-,-,-,-,-,-,-,-,-,Q,-,-,-,-,-,-,-,-,-,-,-,-,-,-,-,-,-,-,-,M,-,-,-,-,-,-,-,-,-,-
"MH078559.1 HIV-1 isolate DEURF11NG011 from Nigeria, partial genome",-,-,-,-,-,-,-,-,-,I,-,-,V,R,-,-,-,-,-,-,-,-,-,-,-,-,-,-,-,-,-,-,-,-,D,I,-,-,-,-,K,-,-,-,-,-,-,-,-,-,-,-,-,-,-,-,-,-,-,-,-,-,P,-,-,-,-,-,Q,-,-,-,-,-,-,-,-,-,-,-,-,-,-,-,-,-,-,-,M,-,-,-,-,-,-,-,-,-,-
"MH666155.1 HIV-1 isolate 20428v01 from Nigeria gag protein (gag) gene, complete cds; pol protein (pol) gene, partial cds; and vif protein (vif), vpr protein (vpr), tat protein (tat), rev protein (rev), vpu protein (vpu), envelope glycoprotein (env), and nef protein (nef) genes, complete cds",-,-,-,-,-,-,-,-,-,-,-,-,V,R,-,-,-,-,-,I,-,-,-,-,-,-,-,-,-,-,-,-,-,-,-,I,-,-,-,-,K,-,-,-,-,-,-,-,-,-,-,-,-,-,-,-,-,-,-,-,-,-,-,-,-,-,-,-,K,-,-,-,-,-,-,-,-,-,-,-,-,-,-,-,-,-,-,-,M,-,-,-,-,-,-,-,-,-,-
"MH666156.1 HIV-1 isolate 20268v01 from Nigeria gag protein (gag) gene, complete cds; pol protein (pol) gene, partial cds; and vif protein (vif), vpr protein (vpr), tat protein (tat), rev protein (rev), vpu protein (vpu), envelope glycoprotein (env), and nef protein (nef) genes, complete cds",-,-,-,-,-,-,-,-,-,-,-,-,V,-,-,-,-,-,P,I,-,-,-,-,-,-,-,-,-,-,-,-,-,-,-,I,-,-,-,-,K,-,-,-,-,-,-,-,-,-,-,-,-,-,-,-,-,-,-,-,-,-,P,L,-,-,-,-,K,-,-,-,-,-,-,-,-,-,-,-,-,-,-,-,-,-,-,-,M,-,-,-,-,-,-,-,-,-,-
"MH666157.1 HIV-1 isolate 20168v01 from Nigeria gag protein (gag) gene, complete cds; pol protein (pol) gene, partial cds; and vif protein (vif), vpr protein (vpr), tat protein (tat), rev protein (rev), vpu protein (vpu), envelope glycoprotein (env), and nef protein (nef) genes, complete cds",-,-,-,-,-,-,-,-,-,-,-,-,V,R,-,-,-,-,-,I,-,-,-,-,-,-,-,-,-,-,-,-,-,-,-,I,S,-,-,-,K,-,-,-,-,-,-,-,-,-,-,-,-,-,-,-,-,-,-,-,-,-,-,-,-,-,-,-,K,-,-,-,-,-,-,-,-,-,-,-,-,-,-,-,-,-,-,-,M,-,-,-,-,-,-,-,-,-,-
"MH666158.1 HIV-1 isolate 20126v01 from Nigeria gag protein (gag) gene, complete cds; pol protein (pol) gene, partial cds; and vif protein (vif), vpr protein (vpr), tat protein (tat), rev protein (rev), vpu protein (vpu), envelope glycoprotein (env), and nef protein (nef) genes, complete cds",-,-,-,-,-,-,-,-,-,-,-,-,V,R,-,E,-,-,-,I,-,-,-,-,-,-,-,-,-,-,-,-,-,-,-,I,S,-,S,-,K,-,-,-,-,-,-,-,-,-,-,-,-,-,-,-,-,-,-,-,-,-,-,-,-,-,-,-,K,-,-,-,-,-,-,-,-,-,-,-,-,-,-,-,-,-,-,-,M,-,-,-,-,-,-,-,-,-,-
"MH666162.1 HIV-1 isolate 20389v01 from Nigeria gag protein (gag) gene, complete cds; pol protein (pol) gene, partial cds; and vif protein (vif), vpr protein (vpr), tat protein (tat), rev protein (rev), vpu protein (vpu), envelope glycoprotein (env), and nef protein (nef) genes, complete cds",-,-,-,-,-,-,-,-,-,-,-,-,V,R,-,E,-,-,V,I,-,-,-,-,-,-,-,-,-,-,-,-,-,-,-,I,-,-,Q,-,K,-,-,-,-,-,-,-,-,-,-,-,-,-,-,-,-,-,-,-,-,-,-,-,-,-,-,-,K,R,-,-,-,-,-,-,I,-,-,-,-,-,-,-,-,-,-,-,M,-,-,-,-,-,-,-,-,-,-
"MT222940.1 HIV-1 isolate DEURF11NG013 from Nigeria, complete genome",-,-,-,-,-,-,-,-,-,I,-,-,V,-,-,-,-,-,P,I,-,-,-,-,-,-,-,-,-,-,-,-,-,-,-,I,D,-,-,-,K,-,-,-,-,-,-,-,-,-,-,-,-,-,-,-,-,-,-,-,-,-,-,-,-,-,Y,-,K,R,-,-,-,-,-,-,-,-,-,-,-,-,-,-,-,-,-,-,M,-,-,-,-,-,-,-,-,-,-
OQ791467.1 MAG: HIV-1 isolate a0472 genomic sequence,-,-,-,-,-,-,-,-,-,-,-,-,V,-,V,-,-,-,-,V,-,-,-,-,-,-,-,-,-,-,-,-,-,-,D,I,-,-,-,-,K,-,-,-,-,-,-,-,-,-,-,-,-,-,-,-,-,-,-,-,-,-,-,-,-,-,-,-,K,-,-,-,-,S,-,-,-,-,-,-,-,-,-,-,-,-,-,-,M,-,-,-,-,-,-,-,-,-,-
U88825.1 HIV-1 isolate 92NG003 from Nigeria complete genome,-,-,-,-,-,-,-,-,-,-,-,-,V,R,-,-,-,-,-,I,-,-,-,-,-,-,-,-,-,-,-,-,-,-,Q,I,-,-,-,-,K,-,-,-,-,-,-,-,-,-,-,-,-,-,-,-,K,-,-,-,-,-,-,-,-,-,E,-,K,-,-,-,-,-,-,-,-,-,-,-,-,I,-,-,-,-,-,-,M,-,-,-,-,-,-,-,-,-,-
U88826.1 HIV-1 isolate 92NG083 from Nigeria complete genome,-,-,-,-,-,-,-,-,-,-,-,-,V,-,-,-,-,-,-,I,-,-,-,-,-,-,-,-,-,-,-,-,-,-,G,I,-,-,-,-,K,-,-,-,-,-,-,-,-,-,-,-,-,-,-,-,-,-,-,-,-,-,-,-,-,-,G,-,K,-,-,-,-,-,-,-,-,-,-,-,-,I,-,-,-,-,-,-,M,-,-,-,-,-,-,-,-,-,-