Sequence Name,Genes,PI Major,PI Accessory,ATV/r Score,ATV/r Level,DRV/r Score,DRV/r Level,FPV/r Score,FPV/r Level,IDV/r Score,IDV/r Level,LPV/r Score,LPV/r Level,NFV Score,NFV Level,SQV/r Score,SQV/r Level,TPV/r Score,TPV/r Level,NRTI,ABC Score,ABC Level,AZT Score,AZT Level,D4T Score,D4T Level,DDI Score,DDI Level,FTC Score,FTC Level,3TC Score,3TC Level,TDF Score,TDF Level,NNRTI,DOR Score,DOR Level,EFV Score,EFV Level,ETR Score,ETR Level,NVP Score,NVP Level,RPV Score,RPV Level,INSTI Major,INSTI Accessory,BIC Score,BIC Level,CAB Score,CAB Level,DTG Score,DTG Level,EVG Score,EVG Level,RAL Score,RAL Level,Algorithm Name,Algorithm Version,Algorithm Date
"DQ168573.1 HIV-1 isolate 01NGPL0567 from Nigeria gag protein (gag) and pol protein (pol) genes, partial cds; and vif protein (vif), vpr protein (vpr), tat protein (tat), rev protein (rev), vpu protein (vpu), envelope glycoprotein (env), and nef protein (nef) genes, complete cds","PR,RT,IN",None,None,0,1,0,1,0,1,0,1,0,1,0,1,0,1,0,1,None,0,1,0,1,0,1,0,1,0,1,0,1,0,1,None,0,1,0,1,0,1,0,1,0,1,None,None,0,1,0,1,0,1,0,1,0,1,HIVDB,9.6,2024-03-09
"DQ168575.1 HIV-1 isolate 01NGPL0674 from Nigeria gag protein (gag) and pol protein (pol) genes, partial cds; and vif protein (vif), vpr protein (vpr), tat protein (tat), rev protein (rev), vpu protein (vpu), envelope glycoprotein (env), and nef protein (nef) genes, complete cds","PR,RT,IN",None,None,0,1,0,1,0,1,0,1,0,1,0,1,0,1,0,1,None,0,1,0,1,0,1,0,1,0,1,0,1,0,1,None,0,1,0,1,0,1,0,1,0,1,None,None,0,1,0,1,0,1,0,1,0,1,HIVDB,9.6,2024-03-09
"DQ168576.1 HIV-1 isolate 01NGPL0669 from Nigeria gag protein (gag) and pol protein (pol) genes, partial cds; and vif protein (vif), vpr protein (vpr), tat protein (tat), rev protein (rev), vpu protein (vpu), envelope glycoprotein (env), and nef protein (nef) genes, complete cds","PR,RT,IN",None,None,0,1,0,1,0,1,0,1,0,1,0,1,0,1,0,1,None,0,1,0,1,0,1,0,1,0,1,0,1,0,1,None,0,1,0,1,0,1,0,1,0,1,None,None,0,1,0,1,0,1,0,1,0,1,HIVDB,9.6,2024-03-09
"DQ168577.1 HIV-1 isolate 01NGPL0710 from Nigeria gag protein (gag) and pol protein (pol) genes, partial cds; and vif protein (vif), vpr protein (vpr), tat protein (tat), rev protein (rev), vpu protein (vpu), envelope glycoprotein (env), and nef protein (nef) genes, complete cds","PR,RT,IN",None,None,0,1,0,1,0,1,0,1,0,1,0,1,0,1,0,1,None,0,1,0,1,0,1,0,1,0,1,0,1,0,1,None,0,1,0,1,0,1,0,1,0,1,None,None,0,1,0,1,0,1,0,1,0,1,HIVDB,9.6,2024-03-09
"DQ168578.1 HIV-1 isolate 01NGPL0754 from Nigeria gag protein (gag) and pol protein (pol) genes, partial cds; and vif protein (vif), vpr protein (vpr), tat protein (tat), rev protein (rev), vpu protein (vpu), envelope glycoprotein (env), and nef protein (nef) genes, complete cds","PR,RT,IN",None,None,0,1,0,1,0,1,0,1,0,1,0,1,0,1,0,1,None,0,1,0,1,0,1,0,1,0,1,0,1,0,1,None,0,1,0,1,0,1,0,1,0,1,None,None,0,1,0,1,0,1,0,1,0,1,HIVDB,9.6,2024-03-09
"DQ168579.1 HIV-1 isolate 01NGPL0760 from Nigeria gag protein (gag) and pol protein (pol) genes, partial cds; vif protein (vif), vpr protein (vpr), tat protein (tat), rev protein (rev), vpu protein (vpu), and envelope glycoprotein (env) genes, complete cds; and nef protein (nef) gene, partial cds","PR,RT,IN",None,None,0,1,0,1,0,1,0,1,0,1,0,1,0,1,0,1,None,0,1,0,1,0,1,0,1,0,1,0,1,0,1,None,0,1,0,1,0,1,0,1,0,1,None,None,0,1,0,1,0,1,0,1,0,1,HIVDB,9.6,2024-03-09
"JN248580.1 HIV-1 isolate 06NG.SC11 from Nigeria gag protein (gag) and pol protein (pol) genes, partial cds; vif protein (vif), vpr protein (vpr), and tat protein (tat) genes, complete cds; nonfunctional rev protein (rev) gene, complete sequence; and vpu protein (vpu), envelope glycoprotein (env), and nef protein (nef) genes, complete cds","PR,RT,IN",None,None,0,1,0,1,0,1,0,1,0,1,0,1,0,1,0,1,None,0,1,0,1,0,1,0,1,0,1,0,1,0,1,None,0,1,0,1,0,1,0,1,0,1,None,None,0,1,0,1,0,1,0,1,0,1,HIVDB,9.6,2024-03-09
"JN248582.1 HIV-1 isolate 08NG.SC13 from Nigeria nonfunctional gag protein (gag) gene, partial sequence; pol protein (pol) gene, partial cds; and vif protein (vif), vpr protein (vpr), tat protein (tat), rev protein (rev), vpu protein (vpu), envelope glycoprotein (env), and nef protein (nef) genes, complete cds","PR,RT,IN",None,None,0,1,0,1,0,1,0,1,0,1,0,1,0,1,0,1,None,0,1,0,1,0,1,0,1,0,1,0,1,0,1,None,0,1,0,1,0,1,0,1,0,1,None,None,0,1,0,1,0,1,0,1,0,1,HIVDB,9.6,2024-03-09
"JN248584.1 HIV-1 isolate 09NG.SC21 from Nigeria nonfunctional gag protein (gag) gene, partial sequence; pol protein (pol) gene, partial cds; vif protein (vif), vpr protein (vpr), tat protein (tat), rev protein (rev), and vpu protein (vpu) genes, complete cds; nonfunctional env protein (env) gene, complete sequence; and nef protein (nef) gene, complete cds","PR,RT,IN",None,None,0,1,0,1,0,1,0,1,0,1,0,1,0,1,0,1,None,0,1,0,1,0,1,0,1,0,1,0,1,0,1,V106I,5,1,5,1,5,1,5,1,5,1,None,None,0,1,0,1,0,1,0,1,0,1,HIVDB,9.6,2024-03-09
"JN248585.1 HIV-1 isolate 09NG.SC24 from Nigeria nonfunctional gag protein (gag) gene, partial sequence; pol protein (pol) gene, partial cds; vif protein (vif) and vpr protein (vpr) genes, complete cds; nonfunctional tat protein (tat) gene, complete sequence; and rev protein (rev), vpu protein (vpu), envelope glycoprotein (env), and nef protein (nef) genes, complete cds","PR,RT,IN",None,None,0,1,0,1,0,1,0,1,0,1,0,1,0,1,0,1,None,0,1,0,1,0,1,0,1,0,1,0,1,0,1,None,0,1,0,1,0,1,0,1,0,1,None,None,0,1,0,1,0,1,0,1,0,1,HIVDB,9.6,2024-03-09
"JN248586.1 HIV-1 isolate 09NG.SC26 from Nigeria nonfunctional gag protein (gag) gene, partial sequence; pol protein (pol) gene, partial cds; vif protein (vif), vpr protein (vpr), tat protein (tat), rev protein (rev), vpu protein (vpu), and envelope glycoprotein (env) genes, complete cds; and nonfunctional nef protein (nef) gene, complete sequence","PR,RT,IN",None,None,0,1,0,1,0,1,0,1,0,1,0,1,0,1,0,1,K65KE,10,2,0,1,10,2,10,2,0,1,0,1,10,2,None,0,1,0,1,0,1,0,1,0,1,None,None,0,1,0,1,0,1,0,1,0,1,HIVDB,9.6,2024-03-09
"JN248587.1 HIV-1 isolate 09NG.SC27 from Nigeria gag protein (gag) and pol protein (pol) genes, partial cds; and vif protein (vif), vpr protein (vpr), tat protein (tat), rev protein (rev), vpu protein (vpu), envelope glycoprotein (env), and nef protein (nef) genes, complete cds","PR,RT,IN",None,None,0,1,0,1,0,1,0,1,0,1,0,1,0,1,0,1,None,0,1,0,1,0,1,0,1,0,1,0,1,0,1,None,0,1,0,1,0,1,0,1,0,1,None,None,0,1,0,1,0,1,0,1,0,1,HIVDB,9.6,2024-03-09
"JN248589.1 HIV-1 isolate 09NG.SC29 from Nigeria nonfunctional gag protein (gag) gene, partial sequence; pol protein (pol) gene, partial cds; and vif protein (vif), vpr protein (vpr), tat protein (tat), rev protein (rev), vpu protein (vpu), envelope glycoprotein (env), and nef protein (nef) genes, complete cds","PR,RT,IN",None,None,0,1,0,1,0,1,0,1,0,1,0,1,0,1,0,1,None,0,1,0,1,0,1,0,1,0,1,0,1,0,1,None,0,1,0,1,0,1,0,1,0,1,None,None,0,1,0,1,0,1,0,1,0,1,HIVDB,9.6,2024-03-09
"JN248590.1 HIV-1 isolate 09NG.SC30 from Nigeria nonfunctional gag protein (gag) gene, partial sequence; pol protein (pol) gene, partial cds; and vif protein (vif), vpr protein (vpr), tat protein (tat), rev protein (rev), vpu protein (vpu), envelope glycoprotein (env), and nef protein (nef) genes, complete cds","PR,RT,IN",None,None,0,1,0,1,0,1,0,1,0,1,0,1,0,1,0,1,None,0,1,0,1,0,1,0,1,0,1,0,1,0,1,None,0,1,0,1,0,1,0,1,0,1,None,None,0,1,0,1,0,1,0,1,0,1,HIVDB,9.6,2024-03-09
"JN248591.1 HIV-1 isolate 09NG.SC31 from Nigeria nonfunctional gag protein (gag) and nonfunctional pol protein (pol) genes, partial sequence; vif protein (vif), vpr protein (vpr), tat protein (tat), rev protein (rev), vpu protein (vpu), and envelope glycoprotein (env) genes, complete cds; and nonfunctional nef protein (nef) gene, complete sequence","PR,RT,IN",None,None,0,1,0,1,0,1,0,1,0,1,0,1,0,1,0,1,None,0,1,0,1,0,1,0,1,0,1,0,1,0,1,None,0,1,0,1,0,1,0,1,0,1,None,None,0,1,0,1,0,1,0,1,0,1,HIVDB,9.6,2024-03-09
"JN248592.1 HIV-1 isolate 09NG.SC61 from Nigeria nonfunctional gag protein (gag) gene, partial sequence; pol protein (pol) gene, partial cds; vif protein (vif), vpr protein (vpr), tat protein (tat), rev protein (rev), and vpu protein (vpu) genes, complete cds; nonfunctional env protein (env) gene, complete sequence; and nef protein (nef) gene, complete cds","PR,RT,IN",None,None,0,1,0,1,0,1,0,1,0,1,0,1,0,1,0,1,None,0,1,0,1,0,1,0,1,0,1,0,1,0,1,None,0,1,0,1,0,1,0,1,0,1,None,None,0,1,0,1,0,1,0,1,0,1,HIVDB,9.6,2024-03-09
"JN248593.1 HIV-1 isolate 09NG.SC62 from Nigeria nonfunctional gag protein (gag) gene, partial sequence; pol protein (pol) gene, partial cds; nonfunctional vif protein (vif) gene, complete sequence; vpr protein (vpr), tat protein (tat), rev protein (rev), vpu protein (vpu), and envelope glycoprotein (env) genes, complete cds; and nonfunctional nef protein (nef) gene, complete sequence","PR,RT,IN",None,None,0,1,0,1,0,1,0,1,0,1,0,1,0,1,0,1,None,0,1,0,1,0,1,0,1,0,1,0,1,0,1,V106I,5,1,5,1,5,1,5,1,5,1,None,None,0,1,0,1,0,1,0,1,0,1,HIVDB,9.6,2024-03-09
"KX228821.1 HIV-1 isolate Read5_HIV_C from Nigeria, partial genome","PR,RT,IN",None,None,0,1,0,1,0,1,0,1,0,1,0,1,0,1,0,1,None,0,1,0,1,0,1,0,1,0,1,0,1,0,1,None,0,1,0,1,0,1,0,1,0,1,None,None,0,1,0,1,0,1,0,1,0,1,HIVDB,9.6,2024-03-09
"KX389608.1 HIV-1 isolate 10NG040248 from Nigeria gag protein (gag) gene, complete cds; pol protein (pol) gene, partial cds; and vif protein (vif), vpr protein (vpr), tat protein (tat), rev protein (rev), vpu protein (vpu), envelope glycoprotein (env), and nef protein (nef) genes, complete cds","PR,RT,IN",None,None,0,1,0,1,0,1,0,1,0,1,0,1,0,1,0,1,None,0,1,0,1,0,1,0,1,0,1,0,1,0,1,None,0,1,0,1,0,1,0,1,0,1,None,None,0,1,0,1,0,1,0,1,0,1,HIVDB,9.6,2024-03-09
"KX389609.1 HIV-1 isolate 10NG030498 from Nigeria gag protein (gag) gene, complete cds; pol protein (pol) gene, partial cds; and vif protein (vif), vpr protein (vpr), tat protein (tat), rev protein (rev), vpu protein (vpu), envelope glycoprotein (env), and nef protein (nef) genes, complete cds","PR,RT,IN",None,None,0,1,0,1,0,1,0,1,0,1,0,1,0,1,0,1,M41L,5,1,15,3,15,3,10,2,0,1,0,1,5,1,None,0,1,0,1,0,1,0,1,0,1,None,None,0,1,0,1,0,1,0,1,0,1,HIVDB,9.6,2024-03-09
"KX389610.1 HIV-1 isolate 10NG030161 from Nigeria gag protein (gag) gene, complete cds; pol protein (pol) gene, partial cds; and vif protein (vif), vpr protein (vpr), tat protein (tat), rev protein (rev), vpu protein (vpu), envelope glycoprotein (env), and nef protein (nef) genes, complete cds","PR,RT,IN",None,None,0,1,0,1,0,1,0,1,0,1,0,1,0,1,0,1,S68G,0,1,0,1,0,1,0,1,0,1,0,1,0,1,None,0,1,0,1,0,1,0,1,0,1,None,None,0,1,0,1,0,1,0,1,0,1,HIVDB,9.6,2024-03-09
"KX389611.1 HIV-1 isolate 10NG020545 from Nigeria gag protein (gag) gene, complete cds; pol protein (pol) gene, partial cds; vif protein (vif) and vpr protein (vpr) genes, complete cds; tat protein-like (tat) gene, complete sequence; and rev protein (rev), vpu protein (vpu), envelope glycoprotein (env), and nef protein (nef) genes, complete cds","PR,RT,IN",None,None,0,1,0,1,0,1,0,1,0,1,0,1,0,1,0,1,None,0,1,0,1,0,1,0,1,0,1,0,1,0,1,V108I,10,2,10,2,0,1,15,3,0,1,None,None,0,1,0,1,0,1,0,1,0,1,HIVDB,9.6,2024-03-09
"KX389612.1 HIV-1 isolate 10NG020523 from Nigeria gag protein (gag) gene, complete cds; pol protein (pol) gene, partial cds; vif protein (vif), vpr protein (vpr), and tat protein (tat) genes, complete cds; rev protein-like (rev) gene, complete sequence; and vpu protein (vpu), envelope glycoprotein (env), and nef protein (nef) genes, complete cds","PR,RT,IN",None,None,0,1,0,1,0,1,0,1,0,1,0,1,0,1,0,1,None,0,1,0,1,0,1,0,1,0,1,0,1,0,1,None,0,1,0,1,0,1,0,1,0,1,None,None,0,1,0,1,0,1,0,1,0,1,HIVDB,9.6,2024-03-09
"KX389613.1 HIV-1 isolate 10NG020468 from Nigeria gag protein (gag) gene, complete cds; pol protein (pol) gene, partial cds; and vif protein (vif), vpr protein (vpr), tat protein (tat), rev protein (rev), vpu protein (vpu), envelope glycoprotein (env), and nef protein (nef) genes, complete cds","PR,RT,IN",None,None,0,1,0,1,0,1,0,1,0,1,0,1,0,1,0,1,None,0,1,0,1,0,1,0,1,0,1,0,1,0,1,None,0,1,0,1,0,1,0,1,0,1,None,None,0,1,0,1,0,1,0,1,0,1,HIVDB,9.6,2024-03-09
"KX389614.1 HIV-1 isolate 10NG020437 from Nigeria gag protein (gag) gene, complete cds; pol protein (pol) gene, partial cds; and vif protein (vif), vpr protein (vpr), tat protein (tat), rev protein (rev), vpu protein (vpu), envelope glycoprotein (env), and nef protein (nef) genes, complete cds","PR,RT,IN",None,None,0,1,0,1,0,1,0,1,0,1,0,1,0,1,0,1,None,0,1,0,1,0,1,0,1,0,1,0,1,0,1,None,0,1,0,1,0,1,0,1,0,1,None,None,0,1,0,1,0,1,0,1,0,1,HIVDB,9.6,2024-03-09
"KX389615.1 HIV-1 isolate 10NG020420 from Nigeria gag protein (gag) gene, complete cds; pol protein (pol) gene, partial cds; vif protein (vif), vpr protein (vpr), tat protein (tat), rev protein (rev), and vpu protein (vpu) genes, complete cds; envelope glycoprotein-like (env) gene, complete sequence; and nef protein (nef) gene, complete cds","PR,RT,IN",None,None,0,1,0,1,0,1,0,1,0,1,0,1,0,1,0,1,None,0,1,0,1,0,1,0,1,0,1,0,1,0,1,None,0,1,0,1,0,1,0,1,0,1,None,None,0,1,0,1,0,1,0,1,0,1,HIVDB,9.6,2024-03-09
"KX389616.1 HIV-1 isolate 10NG020382 from Nigeria gag protein (gag) gene, complete cds; pol protein (pol) gene, partial cds; and vif protein (vif), vpr protein (vpr), tat protein (tat), rev protein (rev), vpu protein (vpu), envelope glycoprotein (env), and nef protein (nef) genes, complete cds","PR,RT,IN",None,None,0,1,0,1,0,1,0,1,0,1,0,1,0,1,0,1,None,0,1,0,1,0,1,0,1,0,1,0,1,0,1,None,0,1,0,1,0,1,0,1,0,1,None,None,0,1,0,1,0,1,0,1,0,1,HIVDB,9.6,2024-03-09
"KX389617.1 HIV-1 isolate 10NG020307 from Nigeria gag protein (gag) gene, complete cds; pol protein (pol) gene, partial cds; and vif protein (vif), vpr protein (vpr), tat protein (tat), rev protein (rev), vpu protein (vpu), envelope glycoprotein (env), and nef protein (nef) genes, complete cds","PR,RT,IN",None,None,0,1,0,1,0,1,0,1,0,1,0,1,0,1,0,1,None,0,1,0,1,0,1,0,1,0,1,0,1,0,1,None,0,1,0,1,0,1,0,1,0,1,None,None,0,1,0,1,0,1,0,1,0,1,HIVDB,9.6,2024-03-09
"KX389618.1 HIV-1 isolate 10NG020303 from Nigeria gag protein (gag) gene, complete cds; pol protein (pol) gene, partial cds; and vif protein (vif), vpr protein (vpr), tat protein (tat), rev protein (rev), vpu protein (vpu), envelope glycoprotein (env), and nef protein (nef) genes, complete cds","PR,RT,IN",None,None,0,1,0,1,0,1,0,1,0,1,0,1,0,1,0,1,None,0,1,0,1,0,1,0,1,0,1,0,1,0,1,None,0,1,0,1,0,1,0,1,0,1,None,None,0,1,0,1,0,1,0,1,0,1,HIVDB,9.6,2024-03-09
"KX389619.1 HIV-1 isolate 10NG020134 from Nigeria gag protein (gag) gene, complete cds; pol protein (pol) gene, partial cds; and vif protein (vif), vpr protein (vpr), tat protein (tat), rev protein (rev), vpu protein (vpu), envelope glycoprotein (env), and nef protein (nef) genes, complete cds","PR,RT,IN",None,None,0,1,0,1,0,1,0,1,0,1,0,1,0,1,0,1,None,0,1,0,1,0,1,0,1,0,1,0,1,0,1,None,0,1,0,1,0,1,0,1,0,1,None,None,0,1,0,1,0,1,0,1,0,1,HIVDB,9.6,2024-03-09
"KX389620.1 HIV-1 isolate 10NG020133 from Nigeria gag protein (gag) gene, complete cds; pol protein (pol) gene, partial cds; and vif protein (vif), vpr protein (vpr), tat protein (tat), rev protein (rev), vpu protein (vpu), envelope glycoprotein (env), and nef protein (nef) genes, complete cds","PR,RT,IN",None,None,0,1,0,1,0,1,0,1,0,1,0,1,0,1,0,1,None,0,1,0,1,0,1,0,1,0,1,0,1,0,1,None,0,1,0,1,0,1,0,1,0,1,None,None,0,1,0,1,0,1,0,1,0,1,HIVDB,9.6,2024-03-09
"KX389621.1 HIV-1 isolate 10NG020065 from Nigeria gag protein (gag) gene, complete cds; pol protein (pol) gene, partial cds; and vif protein (vif), vpr protein (vpr), tat protein (tat), rev protein (rev), vpu protein (vpu), envelope glycoprotein (env), and nef protein (nef) genes, complete cds","PR,RT,IN",None,None,0,1,0,1,0,1,0,1,0,1,0,1,0,1,0,1,S68G,0,1,0,1,0,1,0,1,0,1,0,1,0,1,E138A,0,1,0,1,10,2,0,1,15,3,None,None,0,1,0,1,0,1,0,1,0,1,HIVDB,9.6,2024-03-09
"KX389622.1 HIV-1 isolate 09NG010499 from Nigeria gag protein (gag) gene, complete cds; pol protein (pol) gene, partial cds; and vif protein (vif), vpr protein (vpr), tat protein (tat), rev protein (rev), vpu protein (vpu), envelope glycoprotein (env), and nef protein (nef) genes, complete cds","PR,RT,IN",None,None,0,1,0,1,0,1,0,1,0,1,0,1,0,1,0,1,None,0,1,0,1,0,1,0,1,0,1,0,1,0,1,None,0,1,0,1,0,1,0,1,0,1,None,None,0,1,0,1,0,1,0,1,0,1,HIVDB,9.6,2024-03-09
"KX389623.1 HIV-1 isolate 09NG010483 from Nigeria gag protein (gag) gene, complete cds; pol protein (pol) gene, partial cds; vif protein (vif), vpr protein (vpr), tat protein (tat), rev protein (rev), and vpu protein (vpu) genes, complete cds; envelope glycoprotein-like (env) gene, complete sequence; and nef protein (nef) gene, complete cds","PR,RT,IN",None,None,0,1,0,1,0,1,0,1,0,1,0,1,0,1,0,1,None,0,1,0,1,0,1,0,1,0,1,0,1,0,1,None,0,1,0,1,0,1,0,1,0,1,None,None,0,1,0,1,0,1,0,1,0,1,HIVDB,9.6,2024-03-09
"KX389624.1 HIV-1 isolate 09NG010325 from Nigeria gag protein (gag) gene, complete cds; pol protein (pol) gene, partial cds; and vif protein (vif), vpr protein (vpr), tat protein (tat), rev protein (rev), vpu protein (vpu), envelope glycoprotein (env), and nef protein (nef) genes, complete cds","PR,RT,IN",None,None,0,1,0,1,0,1,0,1,0,1,0,1,0,1,0,1,None,0,1,0,1,0,1,0,1,0,1,0,1,0,1,None,0,1,0,1,0,1,0,1,0,1,None,"L74M,T97A",0,1,10,2,0,1,10,2,10,2,HIVDB,9.6,2024-03-09
"KX389625.1 HIV-1 isolate 09NG010315 from Nigeria gag protein (gag) gene, complete cds; pol protein (pol) gene, partial cds; and vif protein (vif), vpr protein (vpr), tat protein (tat), rev protein (rev), vpu protein (vpu), envelope glycoprotein (env), and nef protein (nef) genes, complete cds","PR,RT,IN",None,None,0,1,0,1,0,1,0,1,0,1,0,1,0,1,0,1,None,0,1,0,1,0,1,0,1,0,1,0,1,0,1,None,0,1,0,1,0,1,0,1,0,1,None,None,0,1,0,1,0,1,0,1,0,1,HIVDB,9.6,2024-03-09
"KX389626.1 HIV-1 isolate 09NG010261 from Nigeria gag protein (gag) gene, complete cds; pol protein (pol) gene, partial cds; and vif protein (vif), vpr protein (vpr), tat protein (tat), rev protein (rev), vpu protein (vpu), envelope glycoprotein (env), and nef protein (nef) genes, complete cds","PR,RT,IN",None,None,0,1,0,1,0,1,0,1,0,1,0,1,0,1,0,1,None,0,1,0,1,0,1,0,1,0,1,0,1,0,1,None,0,1,0,1,0,1,0,1,0,1,None,None,0,1,0,1,0,1,0,1,0,1,HIVDB,9.6,2024-03-09
"KX389627.1 HIV-1 isolate 09NG010208 from Nigeria gag protein (gag) gene, complete cds; pol protein (pol) gene, partial cds; and vif protein (vif), vpr protein (vpr), tat protein (tat), rev protein (rev), vpu protein (vpu), envelope glycoprotein (env), and nef protein (nef) genes, complete cds","PR,RT,IN",None,None,0,1,0,1,0,1,0,1,0,1,0,1,0,1,0,1,None,0,1,0,1,0,1,0,1,0,1,0,1,0,1,None,0,1,0,1,0,1,0,1,0,1,None,None,0,1,0,1,0,1,0,1,0,1,HIVDB,9.6,2024-03-09
"KX389628.1 HIV-1 isolate 09NG010205 from Nigeria gag protein (gag) gene, complete cds; pol protein (pol) gene, partial cds; vif protein (vif) and vpr protein (vpr) genes, complete cds; tat protein-like (tat) and rev protein-like (rev) genes, complete sequence; vpu protein (vpu) gene, complete cds; envelope glycoprotein-like (env) gene, complete sequence; and nef protein (nef) gene, complete cds","PR,RT,IN",None,None,0,1,0,1,0,1,0,1,0,1,0,1,0,1,0,1,None,0,1,0,1,0,1,0,1,0,1,0,1,0,1,None,0,1,0,1,0,1,0,1,0,1,None,None,0,1,0,1,0,1,0,1,0,1,HIVDB,9.6,2024-03-09
"KX389629.1 HIV-1 isolate 09NG010181 from Nigeria gag protein (gag) gene, complete cds; pol protein (pol) gene, partial cds; and vif protein (vif), vpr protein (vpr), tat protein (tat), rev protein (rev), vpu protein (vpu), envelope glycoprotein (env), and nef protein (nef) genes, complete cds","PR,RT,IN",None,None,0,1,0,1,0,1,0,1,0,1,0,1,0,1,0,1,None,0,1,0,1,0,1,0,1,0,1,0,1,0,1,None,0,1,0,1,0,1,0,1,0,1,None,None,0,1,0,1,0,1,0,1,0,1,HIVDB,9.6,2024-03-09
"KX389630.1 HIV-1 isolate 09NG010170 from Nigeria gag protein (gag) gene, complete cds; pol protein (pol) gene, partial cds; and vif protein (vif), vpr protein (vpr), tat protein (tat), rev protein (rev), vpu protein (vpu), envelope glycoprotein (env), and nef protein (nef) genes, complete cds","PR,RT,IN",None,None,0,1,0,1,0,1,0,1,0,1,0,1,0,1,0,1,None,0,1,0,1,0,1,0,1,0,1,0,1,0,1,K103KN,0,1,60,5,0,1,60,5,0,1,None,E157Q,0,1,0,1,0,1,10,2,10,2,HIVDB,9.6,2024-03-09
"KX389631.1 HIV-1 isolate 09NG010157 from Nigeria gag protein (gag) gene, complete cds; pol protein (pol) gene, partial cds; and vif protein (vif), vpr protein (vpr), tat protein (tat), rev protein (rev), vpu protein (vpu), envelope glycoprotein (env), and nef protein (nef) genes, complete cds","PR,RT,IN",None,None,0,1,0,1,0,1,0,1,0,1,0,1,0,1,0,1,None,0,1,0,1,0,1,0,1,0,1,0,1,0,1,None,0,1,0,1,0,1,0,1,0,1,None,None,0,1,0,1,0,1,0,1,0,1,HIVDB,9.6,2024-03-09
"KX389632.1 HIV-1 isolate 09NG010145 from Nigeria gag protein (gag) gene, complete cds; pol protein (pol) gene, partial cds; and vif protein (vif), vpr protein (vpr), tat protein (tat), rev protein (rev), vpu protein (vpu), envelope glycoprotein (env), and nef protein (nef) genes, complete cds","PR,RT,IN",None,None,0,1,0,1,0,1,0,1,0,1,0,1,0,1,0,1,None,0,1,0,1,0,1,0,1,0,1,0,1,0,1,None,0,1,0,1,0,1,0,1,0,1,None,None,0,1,0,1,0,1,0,1,0,1,HIVDB,9.6,2024-03-09
"KX389633.1 HIV-1 isolate 09NG010131 from Nigeria gag protein (gag) gene, complete cds; pol protein (pol) gene, partial cds; and vif protein (vif), vpr protein (vpr), tat protein (tat), rev protein (rev), vpu protein (vpu), envelope glycoprotein (env), and nef protein (nef) genes, complete cds","PR,RT,IN",None,None,0,1,0,1,0,1,0,1,0,1,0,1,0,1,0,1,None,0,1,0,1,0,1,0,1,0,1,0,1,0,1,None,0,1,0,1,0,1,0,1,0,1,None,L74M,0,1,10,2,0,1,0,1,0,1,HIVDB,9.6,2024-03-09
"KX389634.1 HIV-1 isolate 09NG010129 from Nigeria gag protein (gag) gene, complete cds; pol protein (pol) gene, partial cds; and vif protein (vif), vpr protein (vpr), tat protein (tat), rev protein (rev), vpu protein (vpu), envelope glycoprotein (env), and nef protein (nef) genes, complete cds","PR,RT,IN",None,None,0,1,0,1,0,1,0,1,0,1,0,1,0,1,0,1,None,0,1,0,1,0,1,0,1,0,1,0,1,0,1,None,0,1,0,1,0,1,0,1,0,1,None,None,0,1,0,1,0,1,0,1,0,1,HIVDB,9.6,2024-03-09
"KX389635.1 HIV-1 isolate 09NG010105 from Nigeria gag protein (gag) gene, complete cds; pol protein (pol) gene, partial cds; and vif protein (vif), vpr protein (vpr), tat protein (tat), rev protein (rev), vpu protein (vpu), envelope glycoprotein (env), and nef protein (nef) genes, complete cds","PR,RT,IN",None,None,0,1,0,1,0,1,0,1,0,1,0,1,0,1,0,1,None,0,1,0,1,0,1,0,1,0,1,0,1,0,1,None,0,1,0,1,0,1,0,1,0,1,None,None,0,1,0,1,0,1,0,1,0,1,HIVDB,9.6,2024-03-09
"KX389636.1 HIV-1 isolate 09NG010079 from Nigeria gag protein (gag) gene, complete cds; pol protein (pol) gene, partial cds; vif protein (vif), vpr protein (vpr), tat protein (tat), rev protein (rev), and vpu protein (vpu) genes, complete cds; envelope glycoprotein-like (env) gene, complete sequence; and nef protein (nef) gene, complete cds","PR,RT,IN",None,None,0,1,0,1,0,1,0,1,0,1,0,1,0,1,0,1,None,0,1,0,1,0,1,0,1,0,1,0,1,0,1,None,0,1,0,1,0,1,0,1,0,1,None,None,0,1,0,1,0,1,0,1,0,1,HIVDB,9.6,2024-03-09
"KX389637.1 HIV-1 isolate 09NG010073 from Nigeria gag protein (gag) gene, complete cds; pol protein (pol) gene, partial cds; and vif protein (vif), vpr protein (vpr), tat protein (tat), rev protein (rev), vpu protein (vpu), envelope glycoprotein (env), and nef protein (nef) genes, complete cds","PR,RT,IN",None,None,0,1,0,1,0,1,0,1,0,1,0,1,0,1,0,1,None,0,1,0,1,0,1,0,1,0,1,0,1,0,1,None,0,1,0,1,0,1,0,1,0,1,None,None,0,1,0,1,0,1,0,1,0,1,HIVDB,9.6,2024-03-09
"KX389638.1 HIV-1 isolate 09NG010067 from Nigeria gag protein (gag) gene, complete cds; pol protein (pol) gene, partial cds; and vif protein (vif), vpr protein (vpr), tat protein (tat), rev protein (rev), vpu protein (vpu), envelope glycoprotein (env), and nef protein (nef) genes, complete cds","PR,RT,IN",None,None,0,1,0,1,0,1,0,1,0,1,0,1,0,1,0,1,None,0,1,0,1,0,1,0,1,0,1,0,1,0,1,None,0,1,0,1,0,1,0,1,0,1,None,None,0,1,0,1,0,1,0,1,0,1,HIVDB,9.6,2024-03-09
"KX389639.1 HIV-1 isolate 09NG010060 from Nigeria gag protein (gag) gene, complete cds; pol protein (pol) gene, partial cds; and vif protein (vif), vpr protein (vpr), tat protein (tat), rev protein (rev), vpu protein (vpu), envelope glycoprotein (env), and nef protein (nef) genes, complete cds","PR,RT,IN",None,None,0,1,0,1,0,1,0,1,0,1,0,1,0,1,0,1,None,0,1,0,1,0,1,0,1,0,1,0,1,0,1,None,0,1,0,1,0,1,0,1,0,1,None,None,0,1,0,1,0,1,0,1,0,1,HIVDB,9.6,2024-03-09
"KX389640.1 HIV-1 isolate 11NG050135 from Nigeria gag protein (gag) gene, complete cds; pol protein (pol) gene, partial cds; vif protein (vif), vpr protein (vpr), tat protein (tat), rev protein (rev), and vpu protein (vpu) genes, complete cds; envelope glycoprotein-like (env) gene, complete sequence; and nef protein (nef) gene, complete cds","PR,RT,IN",None,None,0,1,0,1,0,1,0,1,0,1,0,1,0,1,0,1,None,0,1,0,1,0,1,0,1,0,1,0,1,0,1,None,0,1,0,1,0,1,0,1,0,1,None,None,0,1,0,1,0,1,0,1,0,1,HIVDB,9.6,2024-03-09
"KX389641.1 HIV-1 isolate 11NG050158 from Nigeria gag protein (gag) gene, complete cds; pol protein (pol) gene, partial cds; and vif protein (vif), vpr protein (vpr), tat protein (tat), rev protein (rev), vpu protein (vpu), envelope glycoprotein (env), and nef protein (nef) genes, complete cds","PR,RT,IN",None,None,0,1,0,1,0,1,0,1,0,1,0,1,0,1,0,1,None,0,1,0,1,0,1,0,1,0,1,0,1,0,1,None,0,1,0,1,0,1,0,1,0,1,None,None,0,1,0,1,0,1,0,1,0,1,HIVDB,9.6,2024-03-09
"KX389642.1 HIV-1 isolate 11NG050272 from Nigeria gag protein (gag) gene, complete cds; pol protein (pol) gene, partial cds; and vif protein (vif), vpr protein (vpr), tat protein (tat), rev protein (rev), vpu protein (vpu), envelope glycoprotein (env), and nef protein (nef) genes, complete cds","PR,RT,IN",None,None,0,1,0,1,0,1,0,1,0,1,0,1,0,1,0,1,None,0,1,0,1,0,1,0,1,0,1,0,1,0,1,None,0,1,0,1,0,1,0,1,0,1,None,None,0,1,0,1,0,1,0,1,0,1,HIVDB,9.6,2024-03-09
"KX389643.1 HIV-1 isolate 11NG050356 from Nigeria gag protein (gag) gene, complete cds; pol protein (pol) gene, partial cds; vif protein (vif), vpr protein (vpr), and tat protein (tat) genes, complete cds; rev protein-like (rev) gene, complete sequence; and vpu protein (vpu), envelope glycoprotein (env), and nef protein (nef) genes, complete cds","PR,RT,IN",None,None,0,1,0,1,0,1,0,1,0,1,0,1,0,1,0,1,None,0,1,0,1,0,1,0,1,0,1,0,1,0,1,None,0,1,0,1,0,1,0,1,0,1,None,None,0,1,0,1,0,1,0,1,0,1,HIVDB,9.6,2024-03-09
"KX389644.1 HIV-1 isolate 11NG050366 from Nigeria gag protein (gag) gene, complete cds; pol protein (pol) gene, partial cds; vif protein (vif), vpr protein (vpr), tat protein (tat), rev protein (rev), and vpu protein (vpu) genes, complete cds; envelope glycoprotein-like (env) gene, complete sequence; and nef protein (nef) gene, complete cds","PR,RT,IN",None,None,0,1,0,1,0,1,0,1,0,1,0,1,0,1,0,1,None,0,1,0,1,0,1,0,1,0,1,0,1,0,1,A98G,10,2,10,2,10,2,30,4,15,3,None,None,0,1,0,1,0,1,0,1,0,1,HIVDB,9.6,2024-03-09
"KX389645.1 HIV-1 isolate 11NG050489 from Nigeria gag protein (gag) gene, complete cds; pol protein (pol) gene, partial cds; and vif protein (vif), vpr protein (vpr), tat protein (tat), rev protein (rev), vpu protein (vpu), envelope glycoprotein (env), and nef protein (nef) genes, complete cds","PR,RT,IN",None,None,0,1,0,1,0,1,0,1,0,1,0,1,0,1,0,1,None,0,1,0,1,0,1,0,1,0,1,0,1,0,1,None,0,1,0,1,0,1,0,1,0,1,None,None,0,1,0,1,0,1,0,1,0,1,HIVDB,9.6,2024-03-09
"KX389646.1 HIV-1 isolate 12NG060248 from Nigeria gag protein (gag) gene, complete cds; pol protein (pol) gene, partial cds; and vif protein (vif), vpr protein (vpr), tat protein (tat), rev protein (rev), vpu protein (vpu), envelope glycoprotein (env), and nef protein (nef) genes, complete cds","PR,RT,IN",None,None,0,1,0,1,0,1,0,1,0,1,0,1,0,1,0,1,None,0,1,0,1,0,1,0,1,0,1,0,1,0,1,None,0,1,0,1,0,1,0,1,0,1,None,None,0,1,0,1,0,1,0,1,0,1,HIVDB,9.6,2024-03-09
"KX389647.1 HIV-1 isolate 12NG060304 from Nigeria gag protein (gag) gene, complete cds; pol protein (pol) gene, partial cds; and vif protein (vif), vpr protein (vpr), tat protein (tat), rev protein (rev), vpu protein (vpu), envelope glycoprotein (env), and nef protein (nef) genes, complete cds","PR,RT,IN",None,None,0,1,0,1,0,1,0,1,0,1,0,1,0,1,0,1,None,0,1,0,1,0,1,0,1,0,1,0,1,0,1,None,0,1,0,1,0,1,0,1,0,1,None,None,0,1,0,1,0,1,0,1,0,1,HIVDB,9.6,2024-03-09
"KX389648.1 HIV-1 isolate 12NG060409 from Nigeria gag protein (gag) gene, complete cds; pol protein-like (pol) gene, partial sequence; and vif protein (vif), vpr protein (vpr), tat protein (tat), rev protein (rev), vpu protein (vpu), envelope glycoprotein (env), and nef protein (nef) genes, complete cds","PR,RT,IN",None,None,0,1,0,1,0,1,0,1,0,1,0,1,0,1,0,1,None,0,1,0,1,0,1,0,1,0,1,0,1,0,1,None,0,1,0,1,0,1,0,1,0,1,None,None,0,1,0,1,0,1,0,1,0,1,HIVDB,9.6,2024-03-09
"KX389649.1 HIV-1 isolate 12NG060418 from Nigeria gag protein (gag) gene, complete cds; pol protein (pol) gene, partial cds; vif protein (vif), vpr protein (vpr), and tat protein (tat) genes, complete cds; rev protein-like (rev) gene, complete sequence; and vpu protein (vpu), envelope glycoprotein (env), and nef protein (nef) genes, complete cds","PR,RT,IN",None,None,0,1,0,1,0,1,0,1,0,1,0,1,0,1,0,1,None,0,1,0,1,0,1,0,1,0,1,0,1,0,1,None,0,1,0,1,0,1,0,1,0,1,None,None,0,1,0,1,0,1,0,1,0,1,HIVDB,9.6,2024-03-09
"KY953197.1 HIV-1 isolate DE00211NG009 from Nigeria, partial genome","PR,RT,IN",None,None,0,1,0,1,0,1,0,1,0,1,0,1,0,1,0,1,None,0,1,0,1,0,1,0,1,0,1,0,1,0,1,E138A,0,1,0,1,10,2,0,1,15,3,None,None,0,1,0,1,0,1,0,1,0,1,HIVDB,9.6,2024-03-09
"KY953198.1 HIV-1 isolate DE00211NG010 from Nigeria, partial genome","PR,RT,IN",None,None,0,1,0,1,0,1,0,1,0,1,0,1,0,1,0,1,M184V,15,3,-10,1,-10,1,10,2,60,5,60,5,-10,1,"A98G,K103N",10,2,70,5,10,2,90,5,15,3,None,None,0,1,0,1,0,1,0,1,0,1,HIVDB,9.6,2024-03-09
"KY953199.1 HIV-1 isolate DE01109NG003 from Nigeria, partial genome","PR,RT,IN",None,None,0,1,0,1,0,1,0,1,0,1,0,1,0,1,0,1,None,0,1,0,1,0,1,0,1,0,1,0,1,0,1,None,0,1,0,1,0,1,0,1,0,1,None,L74M,0,1,10,2,0,1,0,1,0,1,HIVDB,9.6,2024-03-09
"KY953200.1 HIV-1 isolate DEMG11NG006 from Nigeria, partial genome","PR,RT,IN",None,None,0,1,0,1,0,1,0,1,0,1,0,1,0,1,0,1,None,0,1,0,1,0,1,0,1,0,1,0,1,0,1,None,0,1,0,1,0,1,0,1,0,1,None,None,0,1,0,1,0,1,0,1,0,1,HIVDB,9.6,2024-03-09
"KY953201.1 HIV-1 isolate DEMG11NG007 from Nigeria, partial genome","PR,RT,IN",None,None,0,1,0,1,0,1,0,1,0,1,0,1,0,1,0,1,None,0,1,0,1,0,1,0,1,0,1,0,1,0,1,None,0,1,0,1,0,1,0,1,0,1,None,Q95K,0,1,0,1,0,1,10,2,10,2,HIVDB,9.6,2024-03-09
"KY953202.1 HIV-1 isolate DEMG11NG008 from Nigeria, partial genome","PR,RT,IN",None,None,0,1,0,1,0,1,0,1,0,1,0,1,0,1,0,1,None,0,1,0,1,0,1,0,1,0,1,0,1,0,1,None,0,1,0,1,0,1,0,1,0,1,None,E157Q,0,1,0,1,0,1,10,2,10,2,HIVDB,9.6,2024-03-09
"KY953203.1 HIV-1 isolate DEURF09NG004 from Nigeria, partial genome","PR,RT,IN",None,None,0,1,0,1,0,1,0,1,0,1,0,1,0,1,0,1,None,0,1,0,1,0,1,0,1,0,1,0,1,0,1,None,0,1,0,1,0,1,0,1,0,1,None,None,0,1,0,1,0,1,0,1,0,1,HIVDB,9.6,2024-03-09
"L39106.1 Human immunodeficiency virus type 1 gag polyprotein (gag), pol polyprotein (pol), vpr protein (vpr), vif protein (vif), rev protein (rev), vpu protein (vpu), env polyprotein (env), and nef protein (nef) genes, complete cds","PR,RT,IN",None,None,0,1,0,1,0,1,0,1,0,1,0,1,0,1,0,1,None,0,1,0,1,0,1,0,1,0,1,0,1,0,1,None,0,1,0,1,0,1,0,1,0,1,None,None,0,1,0,1,0,1,0,1,0,1,HIVDB,9.6,2024-03-09
"MH078558.1 HIV-1 isolate DEURF11NG005 from Nigeria, partial genome","PR,RT,IN",None,None,0,1,0,1,0,1,0,1,0,1,0,1,0,1,0,1,None,0,1,0,1,0,1,0,1,0,1,0,1,0,1,None,0,1,0,1,0,1,0,1,0,1,None,None,0,1,0,1,0,1,0,1,0,1,HIVDB,9.6,2024-03-09
"MH078559.1 HIV-1 isolate DEURF11NG011 from Nigeria, partial genome","PR,RT,IN",None,None,0,1,0,1,0,1,0,1,0,1,0,1,0,1,0,1,None,0,1,0,1,0,1,0,1,0,1,0,1,0,1,None,0,1,0,1,0,1,0,1,0,1,None,None,0,1,0,1,0,1,0,1,0,1,HIVDB,9.6,2024-03-09
"MH666155.1 HIV-1 isolate 20428v01 from Nigeria gag protein (gag) gene, complete cds; pol protein (pol) gene, partial cds; and vif protein (vif), vpr protein (vpr), tat protein (tat), rev protein (rev), vpu protein (vpu), envelope glycoprotein (env), and nef protein (nef) genes, complete cds","PR,RT,IN",None,None,0,1,0,1,0,1,0,1,0,1,0,1,0,1,0,1,None,0,1,0,1,0,1,0,1,0,1,0,1,0,1,None,0,1,0,1,0,1,0,1,0,1,None,None,0,1,0,1,0,1,0,1,0,1,HIVDB,9.6,2024-03-09
"MH666156.1 HIV-1 isolate 20268v01 from Nigeria gag protein (gag) gene, complete cds; pol protein (pol) gene, partial cds; and vif protein (vif), vpr protein (vpr), tat protein (tat), rev protein (rev), vpu protein (vpu), envelope glycoprotein (env), and nef protein (nef) genes, complete cds","PR,RT,IN",None,None,0,1,0,1,0,1,0,1,0,1,0,1,0,1,0,1,None,0,1,0,1,0,1,0,1,0,1,0,1,0,1,None,0,1,0,1,0,1,0,1,0,1,None,None,0,1,0,1,0,1,0,1,0,1,HIVDB,9.6,2024-03-09
"MH666157.1 HIV-1 isolate 20168v01 from Nigeria gag protein (gag) gene, complete cds; pol protein (pol) gene, partial cds; and vif protein (vif), vpr protein (vpr), tat protein (tat), rev protein (rev), vpu protein (vpu), envelope glycoprotein (env), and nef protein (nef) genes, complete cds","PR,RT,IN",None,None,0,1,0,1,0,1,0,1,0,1,0,1,0,1,0,1,None,0,1,0,1,0,1,0,1,0,1,0,1,0,1,None,0,1,0,1,0,1,0,1,0,1,None,None,0,1,0,1,0,1,0,1,0,1,HIVDB,9.6,2024-03-09
"MH666158.1 HIV-1 isolate 20126v01 from Nigeria gag protein (gag) gene, complete cds; pol protein (pol) gene, partial cds; and vif protein (vif), vpr protein (vpr), tat protein (tat), rev protein (rev), vpu protein (vpu), envelope glycoprotein (env), and nef protein (nef) genes, complete cds","PR,RT,IN",None,None,0,1,0,1,0,1,0,1,0,1,0,1,0,1,0,1,S68G,0,1,0,1,0,1,0,1,0,1,0,1,0,1,V106I,5,1,5,1,5,1,5,1,5,1,None,None,0,1,0,1,0,1,0,1,0,1,HIVDB,9.6,2024-03-09
"MH666162.1 HIV-1 isolate 20389v01 from Nigeria gag protein (gag) gene, complete cds; pol protein (pol) gene, partial cds; and vif protein (vif), vpr protein (vpr), tat protein (tat), rev protein (rev), vpu protein (vpu), envelope glycoprotein (env), and nef protein (nef) genes, complete cds","PR,RT,IN",None,None,0,1,0,1,0,1,0,1,0,1,0,1,0,1,0,1,None,0,1,0,1,0,1,0,1,0,1,0,1,0,1,None,0,1,0,1,0,1,0,1,0,1,None,None,0,1,0,1,0,1,0,1,0,1,HIVDB,9.6,2024-03-09
"MT222940.1 HIV-1 isolate DEURF11NG013 from Nigeria, complete genome","PR,RT,IN",None,None,0,1,0,1,0,1,0,1,0,1,0,1,0,1,0,1,None,0,1,0,1,0,1,0,1,0,1,0,1,0,1,None,0,1,0,1,0,1,0,1,0,1,None,None,0,1,0,1,0,1,0,1,0,1,HIVDB,9.6,2024-03-09
OQ791467.1 MAG: HIV-1 isolate a0472 genomic sequence,"PR,RT,IN",None,None,0,1,0,1,0,1,0,1,0,1,0,1,0,1,0,1,None,0,1,0,1,0,1,0,1,0,1,0,1,0,1,None,0,1,0,1,0,1,0,1,0,1,None,None,0,1,0,1,0,1,0,1,0,1,HIVDB,9.6,2024-03-09
U88825.1 HIV-1 isolate 92NG003 from Nigeria complete genome,"PR,RT,IN",None,None,0,1,0,1,0,1,0,1,0,1,0,1,0,1,0,1,None,0,1,0,1,0,1,0,1,0,1,0,1,0,1,None,0,1,0,1,0,1,0,1,0,1,None,None,0,1,0,1,0,1,0,1,0,1,HIVDB,9.6,2024-03-09
U88826.1 HIV-1 isolate 92NG083 from Nigeria complete genome,"PR,RT,IN",None,None,0,1,0,1,0,1,0,1,0,1,0,1,0,1,0,1,None,0,1,0,1,0,1,0,1,0,1,0,1,0,1,None,0,1,0,1,0,1,0,1,0,1,None,None,0,1,0,1,0,1,0,1,0,1,HIVDB,9.6,2024-03-09