Sequence Name,Gene,Position,Codon,RefAA,MutAA,Mutation,Is Unusual
"JN248592.1 HIV-1 isolate 09NG.SC61 from Nigeria nonfunctional gag protein (gag) gene, partial sequence; pol protein (pol) gene, partial cds; vif protein (vif), vpr protein (vpr), tat protein (tat), rev protein (rev), and vpu protein (vpu) genes, complete cds; nonfunctional env protein (env) gene, complete sequence; and nef protein (nef) gene, complete cds",PR,13,GTA,I,V,PR:I13V,No
"JN248592.1 HIV-1 isolate 09NG.SC61 from Nigeria nonfunctional gag protein (gag) gene, partial sequence; pol protein (pol) gene, partial cds; vif protein (vif), vpr protein (vpr), tat protein (tat), rev protein (rev), and vpu protein (vpu) genes, complete cds; nonfunctional env protein (env) gene, complete sequence; and nef protein (nef) gene, complete cds",PR,14,AAC,K,N,PR:K14N,No
"JN248592.1 HIV-1 isolate 09NG.SC61 from Nigeria nonfunctional gag protein (gag) gene, partial sequence; pol protein (pol) gene, partial cds; vif protein (vif), vpr protein (vpr), tat protein (tat), rev protein (rev), and vpu protein (vpu) genes, complete cds; nonfunctional env protein (env) gene, complete sequence; and nef protein (nef) gene, complete cds",PR,20,ATA,K,I,PR:K20I,No
"JN248592.1 HIV-1 isolate 09NG.SC61 from Nigeria nonfunctional gag protein (gag) gene, partial sequence; pol protein (pol) gene, partial cds; vif protein (vif), vpr protein (vpr), tat protein (tat), rev protein (rev), and vpu protein (vpu) genes, complete cds; nonfunctional env protein (env) gene, complete sequence; and nef protein (nef) gene, complete cds",PR,36,ATA,M,I,PR:M36I,No
"JN248592.1 HIV-1 isolate 09NG.SC61 from Nigeria nonfunctional gag protein (gag) gene, partial sequence; pol protein (pol) gene, partial cds; vif protein (vif), vpr protein (vpr), tat protein (tat), rev protein (rev), and vpu protein (vpu) genes, complete cds; nonfunctional env protein (env) gene, complete sequence; and nef protein (nef) gene, complete cds",PR,37,AGT,N,S,PR:N37S,No
"JN248592.1 HIV-1 isolate 09NG.SC61 from Nigeria nonfunctional gag protein (gag) gene, partial sequence; pol protein (pol) gene, partial cds; vif protein (vif), vpr protein (vpr), tat protein (tat), rev protein (rev), and vpu protein (vpu) genes, complete cds; nonfunctional env protein (env) gene, complete sequence; and nef protein (nef) gene, complete cds",PR,63,AGT,L,S,PR:L63S,No
"JN248592.1 HIV-1 isolate 09NG.SC61 from Nigeria nonfunctional gag protein (gag) gene, partial sequence; pol protein (pol) gene, partial cds; vif protein (vif), vpr protein (vpr), tat protein (tat), rev protein (rev), and vpu protein (vpu) genes, complete cds; nonfunctional env protein (env) gene, complete sequence; and nef protein (nef) gene, complete cds",PR,69,AAA,H,K,PR:H69K,No
"JN248592.1 HIV-1 isolate 09NG.SC61 from Nigeria nonfunctional gag protein (gag) gene, partial sequence; pol protein (pol) gene, partial cds; vif protein (vif), vpr protein (vpr), tat protein (tat), rev protein (rev), and vpu protein (vpu) genes, complete cds; nonfunctional env protein (env) gene, complete sequence; and nef protein (nef) gene, complete cds",PR,89,ATG,L,M,PR:L89M,No
"JN248592.1 HIV-1 isolate 09NG.SC61 from Nigeria nonfunctional gag protein (gag) gene, partial sequence; pol protein (pol) gene, partial cds; vif protein (vif), vpr protein (vpr), tat protein (tat), rev protein (rev), and vpu protein (vpu) genes, complete cds; nonfunctional env protein (env) gene, complete sequence; and nef protein (nef) gene, complete cds",RT,11,AGA,K,R,RT:K11R,No
"JN248592.1 HIV-1 isolate 09NG.SC61 from Nigeria nonfunctional gag protein (gag) gene, partial sequence; pol protein (pol) gene, partial cds; vif protein (vif), vpr protein (vpr), tat protein (tat), rev protein (rev), and vpu protein (vpu) genes, complete cds; nonfunctional env protein (env) gene, complete sequence; and nef protein (nef) gene, complete cds",RT,35,ACA,V,T,RT:V35T,No
"JN248592.1 HIV-1 isolate 09NG.SC61 from Nigeria nonfunctional gag protein (gag) gene, partial sequence; pol protein (pol) gene, partial cds; vif protein (vif), vpr protein (vpr), tat protein (tat), rev protein (rev), and vpu protein (vpu) genes, complete cds; nonfunctional env protein (env) gene, complete sequence; and nef protein (nef) gene, complete cds",RT,36,GAC,E,D,RT:E36D,No
"JN248592.1 HIV-1 isolate 09NG.SC61 from Nigeria nonfunctional gag protein (gag) gene, partial sequence; pol protein (pol) gene, partial cds; vif protein (vif), vpr protein (vpr), tat protein (tat), rev protein (rev), and vpu protein (vpu) genes, complete cds; nonfunctional env protein (env) gene, complete sequence; and nef protein (nef) gene, complete cds",RT,122,CCA,K,P,RT:K122P,No
"JN248592.1 HIV-1 isolate 09NG.SC61 from Nigeria nonfunctional gag protein (gag) gene, partial sequence; pol protein (pol) gene, partial cds; vif protein (vif), vpr protein (vpr), tat protein (tat), rev protein (rev), and vpu protein (vpu) genes, complete cds; nonfunctional env protein (env) gene, complete sequence; and nef protein (nef) gene, complete cds",RT,135,GTA,I,V,RT:I135V,No
"JN248592.1 HIV-1 isolate 09NG.SC61 from Nigeria nonfunctional gag protein (gag) gene, partial sequence; pol protein (pol) gene, partial cds; vif protein (vif), vpr protein (vpr), tat protein (tat), rev protein (rev), and vpu protein (vpu) genes, complete cds; nonfunctional env protein (env) gene, complete sequence; and nef protein (nef) gene, complete cds",RT,162,GCA,S,A,RT:S162A,No
"JN248592.1 HIV-1 isolate 09NG.SC61 from Nigeria nonfunctional gag protein (gag) gene, partial sequence; pol protein (pol) gene, partial cds; vif protein (vif), vpr protein (vpr), tat protein (tat), rev protein (rev), and vpu protein (vpu) genes, complete cds; nonfunctional env protein (env) gene, complete sequence; and nef protein (nef) gene, complete cds",RT,173,GCA,K,A,RT:K173A,No
"JN248592.1 HIV-1 isolate 09NG.SC61 from Nigeria nonfunctional gag protein (gag) gene, partial sequence; pol protein (pol) gene, partial cds; vif protein (vif), vpr protein (vpr), tat protein (tat), rev protein (rev), and vpu protein (vpu) genes, complete cds; nonfunctional env protein (env) gene, complete sequence; and nef protein (nef) gene, complete cds",RT,174,AAA,Q,K,RT:Q174K,No
"JN248592.1 HIV-1 isolate 09NG.SC61 from Nigeria nonfunctional gag protein (gag) gene, partial sequence; pol protein (pol) gene, partial cds; vif protein (vif), vpr protein (vpr), tat protein (tat), rev protein (rev), and vpu protein (vpu) genes, complete cds; nonfunctional env protein (env) gene, complete sequence; and nef protein (nef) gene, complete cds",RT,177,GAG,D,E,RT:D177E,No
"JN248592.1 HIV-1 isolate 09NG.SC61 from Nigeria nonfunctional gag protein (gag) gene, partial sequence; pol protein (pol) gene, partial cds; vif protein (vif), vpr protein (vpr), tat protein (tat), rev protein (rev), and vpu protein (vpu) genes, complete cds; nonfunctional env protein (env) gene, complete sequence; and nef protein (nef) gene, complete cds",RT,178,GTG,I,V,RT:I178V,No
"JN248592.1 HIV-1 isolate 09NG.SC61 from Nigeria nonfunctional gag protein (gag) gene, partial sequence; pol protein (pol) gene, partial cds; vif protein (vif), vpr protein (vpr), tat protein (tat), rev protein (rev), and vpu protein (vpu) genes, complete cds; nonfunctional env protein (env) gene, complete sequence; and nef protein (nef) gene, complete cds",RT,180,GTC,I,V,RT:I180V,No
"JN248592.1 HIV-1 isolate 09NG.SC61 from Nigeria nonfunctional gag protein (gag) gene, partial sequence; pol protein (pol) gene, partial cds; vif protein (vif), vpr protein (vpr), tat protein (tat), rev protein (rev), and vpu protein (vpu) genes, complete cds; nonfunctional env protein (env) gene, complete sequence; and nef protein (nef) gene, complete cds",RT,200,GCA,T,A,RT:T200A,No
"JN248592.1 HIV-1 isolate 09NG.SC61 from Nigeria nonfunctional gag protein (gag) gene, partial sequence; pol protein (pol) gene, partial cds; vif protein (vif), vpr protein (vpr), tat protein (tat), rev protein (rev), and vpu protein (vpu) genes, complete cds; nonfunctional env protein (env) gene, complete sequence; and nef protein (nef) gene, complete cds",RT,207,GAA,Q,E,RT:Q207E,No
"JN248592.1 HIV-1 isolate 09NG.SC61 from Nigeria nonfunctional gag protein (gag) gene, partial sequence; pol protein (pol) gene, partial cds; vif protein (vif), vpr protein (vpr), tat protein (tat), rev protein (rev), and vpu protein (vpu) genes, complete cds; nonfunctional env protein (env) gene, complete sequence; and nef protein (nef) gene, complete cds",RT,214,CTT,F,L,RT:F214L,No
"JN248592.1 HIV-1 isolate 09NG.SC61 from Nigeria nonfunctional gag protein (gag) gene, partial sequence; pol protein (pol) gene, partial cds; vif protein (vif), vpr protein (vpr), tat protein (tat), rev protein (rev), and vpu protein (vpu) genes, complete cds; nonfunctional env protein (env) gene, complete sequence; and nef protein (nef) gene, complete cds",RT,245,CAG,V,Q,RT:V245Q,No
"JN248592.1 HIV-1 isolate 09NG.SC61 from Nigeria nonfunctional gag protein (gag) gene, partial sequence; pol protein (pol) gene, partial cds; vif protein (vif), vpr protein (vpr), tat protein (tat), rev protein (rev), and vpu protein (vpu) genes, complete cds; nonfunctional env protein (env) gene, complete sequence; and nef protein (nef) gene, complete cds",RT,248,GAC,E,D,RT:E248D,No
"JN248592.1 HIV-1 isolate 09NG.SC61 from Nigeria nonfunctional gag protein (gag) gene, partial sequence; pol protein (pol) gene, partial cds; vif protein (vif), vpr protein (vpr), tat protein (tat), rev protein (rev), and vpu protein (vpu) genes, complete cds; nonfunctional env protein (env) gene, complete sequence; and nef protein (nef) gene, complete cds",RT,250,GAA,D,E,RT:D250E,No
"JN248592.1 HIV-1 isolate 09NG.SC61 from Nigeria nonfunctional gag protein (gag) gene, partial sequence; pol protein (pol) gene, partial cds; vif protein (vif), vpr protein (vpr), tat protein (tat), rev protein (rev), and vpu protein (vpu) genes, complete cds; nonfunctional env protein (env) gene, complete sequence; and nef protein (nef) gene, complete cds",RT,277,AGG,K,R,RT:K277R,No
"JN248592.1 HIV-1 isolate 09NG.SC61 from Nigeria nonfunctional gag protein (gag) gene, partial sequence; pol protein (pol) gene, partial cds; vif protein (vif), vpr protein (vpr), tat protein (tat), rev protein (rev), and vpu protein (vpu) genes, complete cds; nonfunctional env protein (env) gene, complete sequence; and nef protein (nef) gene, complete cds",RT,286,GCC,T,A,RT:T286A,No
"JN248592.1 HIV-1 isolate 09NG.SC61 from Nigeria nonfunctional gag protein (gag) gene, partial sequence; pol protein (pol) gene, partial cds; vif protein (vif), vpr protein (vpr), tat protein (tat), rev protein (rev), and vpu protein (vpu) genes, complete cds; nonfunctional env protein (env) gene, complete sequence; and nef protein (nef) gene, complete cds",RT,291,GAT,E,D,RT:E291D,No
"JN248592.1 HIV-1 isolate 09NG.SC61 from Nigeria nonfunctional gag protein (gag) gene, partial sequence; pol protein (pol) gene, partial cds; vif protein (vif), vpr protein (vpr), tat protein (tat), rev protein (rev), and vpu protein (vpu) genes, complete cds; nonfunctional env protein (env) gene, complete sequence; and nef protein (nef) gene, complete cds",RT,292,ATA,V,I,RT:V292I,No
"JN248592.1 HIV-1 isolate 09NG.SC61 from Nigeria nonfunctional gag protein (gag) gene, partial sequence; pol protein (pol) gene, partial cds; vif protein (vif), vpr protein (vpr), tat protein (tat), rev protein (rev), and vpu protein (vpu) genes, complete cds; nonfunctional env protein (env) gene, complete sequence; and nef protein (nef) gene, complete cds",RT,293,GTA,I,V,RT:I293V,No
"JN248592.1 HIV-1 isolate 09NG.SC61 from Nigeria nonfunctional gag protein (gag) gene, partial sequence; pol protein (pol) gene, partial cds; vif protein (vif), vpr protein (vpr), tat protein (tat), rev protein (rev), and vpu protein (vpu) genes, complete cds; nonfunctional env protein (env) gene, complete sequence; and nef protein (nef) gene, complete cds",RT,322,ACA,S,T,RT:S322T,No
"JN248592.1 HIV-1 isolate 09NG.SC61 from Nigeria nonfunctional gag protein (gag) gene, partial sequence; pol protein (pol) gene, partial cds; vif protein (vif), vpr protein (vpr), tat protein (tat), rev protein (rev), and vpu protein (vpu) genes, complete cds; nonfunctional env protein (env) gene, complete sequence; and nef protein (nef) gene, complete cds",RT,326,GTA,I,V,RT:I326V,No
"JN248592.1 HIV-1 isolate 09NG.SC61 from Nigeria nonfunctional gag protein (gag) gene, partial sequence; pol protein (pol) gene, partial cds; vif protein (vif), vpr protein (vpr), tat protein (tat), rev protein (rev), and vpu protein (vpu) genes, complete cds; nonfunctional env protein (env) gene, complete sequence; and nef protein (nef) gene, complete cds",RT,335,GAC,G,D,RT:G335D,No
"JN248592.1 HIV-1 isolate 09NG.SC61 from Nigeria nonfunctional gag protein (gag) gene, partial sequence; pol protein (pol) gene, partial cds; vif protein (vif), vpr protein (vpr), tat protein (tat), rev protein (rev), and vpu protein (vpu) genes, complete cds; nonfunctional env protein (env) gene, complete sequence; and nef protein (nef) gene, complete cds",RT,356,AAA,R,K,RT:R356K,No
"JN248592.1 HIV-1 isolate 09NG.SC61 from Nigeria nonfunctional gag protein (gag) gene, partial sequence; pol protein (pol) gene, partial cds; vif protein (vif), vpr protein (vpr), tat protein (tat), rev protein (rev), and vpu protein (vpu) genes, complete cds; nonfunctional env protein (env) gene, complete sequence; and nef protein (nef) gene, complete cds",RT,357,AAG,M,K,RT:M357K,No
"JN248592.1 HIV-1 isolate 09NG.SC61 from Nigeria nonfunctional gag protein (gag) gene, partial sequence; pol protein (pol) gene, partial cds; vif protein (vif), vpr protein (vpr), tat protein (tat), rev protein (rev), and vpu protein (vpu) genes, complete cds; nonfunctional env protein (env) gene, complete sequence; and nef protein (nef) gene, complete cds",RT,359,TCT,G,S,RT:G359S,No
"JN248592.1 HIV-1 isolate 09NG.SC61 from Nigeria nonfunctional gag protein (gag) gene, partial sequence; pol protein (pol) gene, partial cds; vif protein (vif), vpr protein (vpr), tat protein (tat), rev protein (rev), and vpu protein (vpu) genes, complete cds; nonfunctional env protein (env) gene, complete sequence; and nef protein (nef) gene, complete cds",RT,371,GTA,A,V,RT:A371V,No
"JN248592.1 HIV-1 isolate 09NG.SC61 from Nigeria nonfunctional gag protein (gag) gene, partial sequence; pol protein (pol) gene, partial cds; vif protein (vif), vpr protein (vpr), tat protein (tat), rev protein (rev), and vpu protein (vpu) genes, complete cds; nonfunctional env protein (env) gene, complete sequence; and nef protein (nef) gene, complete cds",RT,375,GTG,I,V,RT:I375V,No
"JN248592.1 HIV-1 isolate 09NG.SC61 from Nigeria nonfunctional gag protein (gag) gene, partial sequence; pol protein (pol) gene, partial cds; vif protein (vif), vpr protein (vpr), tat protein (tat), rev protein (rev), and vpu protein (vpu) genes, complete cds; nonfunctional env protein (env) gene, complete sequence; and nef protein (nef) gene, complete cds",RT,376,TCT,A,S,RT:A376S,No
"JN248592.1 HIV-1 isolate 09NG.SC61 from Nigeria nonfunctional gag protein (gag) gene, partial sequence; pol protein (pol) gene, partial cds; vif protein (vif), vpr protein (vpr), tat protein (tat), rev protein (rev), and vpu protein (vpu) genes, complete cds; nonfunctional env protein (env) gene, complete sequence; and nef protein (nef) gene, complete cds",RT,377,ATG,T,M,RT:T377M,No
"JN248592.1 HIV-1 isolate 09NG.SC61 from Nigeria nonfunctional gag protein (gag) gene, partial sequence; pol protein (pol) gene, partial cds; vif protein (vif), vpr protein (vpr), tat protein (tat), rev protein (rev), and vpu protein (vpu) genes, complete cds; nonfunctional env protein (env) gene, complete sequence; and nef protein (nef) gene, complete cds",RT,390,AGA,K,R,RT:K390R,No
"JN248592.1 HIV-1 isolate 09NG.SC61 from Nigeria nonfunctional gag protein (gag) gene, partial sequence; pol protein (pol) gene, partial cds; vif protein (vif), vpr protein (vpr), tat protein (tat), rev protein (rev), and vpu protein (vpu) genes, complete cds; nonfunctional env protein (env) gene, complete sequence; and nef protein (nef) gene, complete cds",RT,399,GAC,E,D,RT:E399D,No
"JN248592.1 HIV-1 isolate 09NG.SC61 from Nigeria nonfunctional gag protein (gag) gene, partial sequence; pol protein (pol) gene, partial cds; vif protein (vif), vpr protein (vpr), tat protein (tat), rev protein (rev), and vpu protein (vpu) genes, complete cds; nonfunctional env protein (env) gene, complete sequence; and nef protein (nef) gene, complete cds",RT,403,ATG,T,M,RT:T403M,No
"JN248592.1 HIV-1 isolate 09NG.SC61 from Nigeria nonfunctional gag protein (gag) gene, partial sequence; pol protein (pol) gene, partial cds; vif protein (vif), vpr protein (vpr), tat protein (tat), rev protein (rev), and vpu protein (vpu) genes, complete cds; nonfunctional env protein (env) gene, complete sequence; and nef protein (nef) gene, complete cds",RT,413,GAT,E,D,RT:E413D,No
"JN248592.1 HIV-1 isolate 09NG.SC61 from Nigeria nonfunctional gag protein (gag) gene, partial sequence; pol protein (pol) gene, partial cds; vif protein (vif), vpr protein (vpr), tat protein (tat), rev protein (rev), and vpu protein (vpu) genes, complete cds; nonfunctional env protein (env) gene, complete sequence; and nef protein (nef) gene, complete cds",RT,435,GCA,V,A,RT:V435A,No
"JN248592.1 HIV-1 isolate 09NG.SC61 from Nigeria nonfunctional gag protein (gag) gene, partial sequence; pol protein (pol) gene, partial cds; vif protein (vif), vpr protein (vpr), tat protein (tat), rev protein (rev), and vpu protein (vpu) genes, complete cds; nonfunctional env protein (env) gene, complete sequence; and nef protein (nef) gene, complete cds",RT,468,CCC,S,P,RT:S468P,No
"JN248592.1 HIV-1 isolate 09NG.SC61 from Nigeria nonfunctional gag protein (gag) gene, partial sequence; pol protein (pol) gene, partial cds; vif protein (vif), vpr protein (vpr), tat protein (tat), rev protein (rev), and vpu protein (vpu) genes, complete cds; nonfunctional env protein (env) gene, complete sequence; and nef protein (nef) gene, complete cds",RT,471,GAG,D,E,RT:D471E,No
"JN248592.1 HIV-1 isolate 09NG.SC61 from Nigeria nonfunctional gag protein (gag) gene, partial sequence; pol protein (pol) gene, partial cds; vif protein (vif), vpr protein (vpr), tat protein (tat), rev protein (rev), and vpu protein (vpu) genes, complete cds; nonfunctional env protein (env) gene, complete sequence; and nef protein (nef) gene, complete cds",RT,489,GCT,S,A,RT:S489A,No
"JN248592.1 HIV-1 isolate 09NG.SC61 from Nigeria nonfunctional gag protein (gag) gene, partial sequence; pol protein (pol) gene, partial cds; vif protein (vif), vpr protein (vpr), tat protein (tat), rev protein (rev), and vpu protein (vpu) genes, complete cds; nonfunctional env protein (env) gene, complete sequence; and nef protein (nef) gene, complete cds",RT,491,TCA,L,S,RT:L491S,No
"JN248592.1 HIV-1 isolate 09NG.SC61 from Nigeria nonfunctional gag protein (gag) gene, partial sequence; pol protein (pol) gene, partial cds; vif protein (vif), vpr protein (vpr), tat protein (tat), rev protein (rev), and vpu protein (vpu) genes, complete cds; nonfunctional env protein (env) gene, complete sequence; and nef protein (nef) gene, complete cds",RT,512,AGA,K,R,RT:K512R,No
"JN248592.1 HIV-1 isolate 09NG.SC61 from Nigeria nonfunctional gag protein (gag) gene, partial sequence; pol protein (pol) gene, partial cds; vif protein (vif), vpr protein (vpr), tat protein (tat), rev protein (rev), and vpu protein (vpu) genes, complete cds; nonfunctional env protein (env) gene, complete sequence; and nef protein (nef) gene, complete cds",RT,519,AAT,S,N,RT:S519N,No
"JN248592.1 HIV-1 isolate 09NG.SC61 from Nigeria nonfunctional gag protein (gag) gene, partial sequence; pol protein (pol) gene, partial cds; vif protein (vif), vpr protein (vpr), tat protein (tat), rev protein (rev), and vpu protein (vpu) genes, complete cds; nonfunctional env protein (env) gene, complete sequence; and nef protein (nef) gene, complete cds",RT,524,GAG,Q,E,RT:Q524E,No
"JN248592.1 HIV-1 isolate 09NG.SC61 from Nigeria nonfunctional gag protein (gag) gene, partial sequence; pol protein (pol) gene, partial cds; vif protein (vif), vpr protein (vpr), tat protein (tat), rev protein (rev), and vpu protein (vpu) genes, complete cds; nonfunctional env protein (env) gene, complete sequence; and nef protein (nef) gene, complete cds",RT,529,GAC,E,D,RT:E529D,No
"JN248592.1 HIV-1 isolate 09NG.SC61 from Nigeria nonfunctional gag protein (gag) gene, partial sequence; pol protein (pol) gene, partial cds; vif protein (vif), vpr protein (vpr), tat protein (tat), rev protein (rev), and vpu protein (vpu) genes, complete cds; nonfunctional env protein (env) gene, complete sequence; and nef protein (nef) gene, complete cds",RT,530,AGA,K,R,RT:K530R,No
"JN248592.1 HIV-1 isolate 09NG.SC61 from Nigeria nonfunctional gag protein (gag) gene, partial sequence; pol protein (pol) gene, partial cds; vif protein (vif), vpr protein (vpr), tat protein (tat), rev protein (rev), and vpu protein (vpu) genes, complete cds; nonfunctional env protein (env) gene, complete sequence; and nef protein (nef) gene, complete cds",RT,534,TCA,A,S,RT:A534S,No
"JN248592.1 HIV-1 isolate 09NG.SC61 from Nigeria nonfunctional gag protein (gag) gene, partial sequence; pol protein (pol) gene, partial cds; vif protein (vif), vpr protein (vpr), tat protein (tat), rev protein (rev), and vpu protein (vpu) genes, complete cds; nonfunctional env protein (env) gene, complete sequence; and nef protein (nef) gene, complete cds",RT,554,AGT,A,S,RT:A554S,No
"JN248592.1 HIV-1 isolate 09NG.SC61 from Nigeria nonfunctional gag protein (gag) gene, partial sequence; pol protein (pol) gene, partial cds; vif protein (vif), vpr protein (vpr), tat protein (tat), rev protein (rev), and vpu protein (vpu) genes, complete cds; nonfunctional env protein (env) gene, complete sequence; and nef protein (nef) gene, complete cds",IN,14,AGA,K,R,IN:K14R,No
"JN248592.1 HIV-1 isolate 09NG.SC61 from Nigeria nonfunctional gag protein (gag) gene, partial sequence; pol protein (pol) gene, partial cds; vif protein (vif), vpr protein (vpr), tat protein (tat), rev protein (rev), and vpu protein (vpu) genes, complete cds; nonfunctional env protein (env) gene, complete sequence; and nef protein (nef) gene, complete cds",IN,31,RTA,V,I,IN:V31I,No
"JN248592.1 HIV-1 isolate 09NG.SC61 from Nigeria nonfunctional gag protein (gag) gene, partial sequence; pol protein (pol) gene, partial cds; vif protein (vif), vpr protein (vpr), tat protein (tat), rev protein (rev), and vpu protein (vpu) genes, complete cds; nonfunctional env protein (env) gene, complete sequence; and nef protein (nef) gene, complete cds",IN,31,RTA,V,V,IN:V31V,No
"JN248592.1 HIV-1 isolate 09NG.SC61 from Nigeria nonfunctional gag protein (gag) gene, partial sequence; pol protein (pol) gene, partial cds; vif protein (vif), vpr protein (vpr), tat protein (tat), rev protein (rev), and vpu protein (vpu) genes, complete cds; nonfunctional env protein (env) gene, complete sequence; and nef protein (nef) gene, complete cds",IN,101,ATA,L,I,IN:L101I,No
"JN248592.1 HIV-1 isolate 09NG.SC61 from Nigeria nonfunctional gag protein (gag) gene, partial sequence; pol protein (pol) gene, partial cds; vif protein (vif), vpr protein (vpr), tat protein (tat), rev protein (rev), and vpu protein (vpu) genes, complete cds; nonfunctional env protein (env) gene, complete sequence; and nef protein (nef) gene, complete cds",IN,112,GTA,T,V,IN:T112V,No
"JN248592.1 HIV-1 isolate 09NG.SC61 from Nigeria nonfunctional gag protein (gag) gene, partial sequence; pol protein (pol) gene, partial cds; vif protein (vif), vpr protein (vpr), tat protein (tat), rev protein (rev), and vpu protein (vpu) genes, complete cds; nonfunctional env protein (env) gene, complete sequence; and nef protein (nef) gene, complete cds",IN,124,GCT,T,A,IN:T124A,No
"JN248592.1 HIV-1 isolate 09NG.SC61 from Nigeria nonfunctional gag protein (gag) gene, partial sequence; pol protein (pol) gene, partial cds; vif protein (vif), vpr protein (vpr), tat protein (tat), rev protein (rev), and vpu protein (vpu) genes, complete cds; nonfunctional env protein (env) gene, complete sequence; and nef protein (nef) gene, complete cds",IN,125,GCA,T,A,IN:T125A,No
"JN248592.1 HIV-1 isolate 09NG.SC61 from Nigeria nonfunctional gag protein (gag) gene, partial sequence; pol protein (pol) gene, partial cds; vif protein (vif), vpr protein (vpr), tat protein (tat), rev protein (rev), and vpu protein (vpu) genes, complete cds; nonfunctional env protein (env) gene, complete sequence; and nef protein (nef) gene, complete cds",IN,134,GAT,G,D,IN:G134D,No
"JN248592.1 HIV-1 isolate 09NG.SC61 from Nigeria nonfunctional gag protein (gag) gene, partial sequence; pol protein (pol) gene, partial cds; vif protein (vif), vpr protein (vpr), tat protein (tat), rev protein (rev), and vpu protein (vpu) genes, complete cds; nonfunctional env protein (env) gene, complete sequence; and nef protein (nef) gene, complete cds",IN,135,GTC,I,V,IN:I135V,No
"JN248592.1 HIV-1 isolate 09NG.SC61 from Nigeria nonfunctional gag protein (gag) gene, partial sequence; pol protein (pol) gene, partial cds; vif protein (vif), vpr protein (vpr), tat protein (tat), rev protein (rev), and vpu protein (vpu) genes, complete cds; nonfunctional env protein (env) gene, complete sequence; and nef protein (nef) gene, complete cds",IN,136,ACA,K,T,IN:K136T,No
"JN248592.1 HIV-1 isolate 09NG.SC61 from Nigeria nonfunctional gag protein (gag) gene, partial sequence; pol protein (pol) gene, partial cds; vif protein (vif), vpr protein (vpr), tat protein (tat), rev protein (rev), and vpu protein (vpu) genes, complete cds; nonfunctional env protein (env) gene, complete sequence; and nef protein (nef) gene, complete cds",IN,201,ATA,V,I,IN:V201I,No
"JN248592.1 HIV-1 isolate 09NG.SC61 from Nigeria nonfunctional gag protein (gag) gene, partial sequence; pol protein (pol) gene, partial cds; vif protein (vif), vpr protein (vpr), tat protein (tat), rev protein (rev), and vpu protein (vpu) genes, complete cds; nonfunctional env protein (env) gene, complete sequence; and nef protein (nef) gene, complete cds",IN,206,TCA,T,S,IN:T206S,No
"JN248592.1 HIV-1 isolate 09NG.SC61 from Nigeria nonfunctional gag protein (gag) gene, partial sequence; pol protein (pol) gene, partial cds; vif protein (vif), vpr protein (vpr), tat protein (tat), rev protein (rev), and vpu protein (vpu) genes, complete cds; nonfunctional env protein (env) gene, complete sequence; and nef protein (nef) gene, complete cds",IN,219,CAA,K,Q,IN:K219Q,No
"JN248592.1 HIV-1 isolate 09NG.SC61 from Nigeria nonfunctional gag protein (gag) gene, partial sequence; pol protein (pol) gene, partial cds; vif protein (vif), vpr protein (vpr), tat protein (tat), rev protein (rev), and vpu protein (vpu) genes, complete cds; nonfunctional env protein (env) gene, complete sequence; and nef protein (nef) gene, complete cds",IN,234,ATT,L,I,IN:L234I,No
"JN248592.1 HIV-1 isolate 09NG.SC61 from Nigeria nonfunctional gag protein (gag) gene, partial sequence; pol protein (pol) gene, partial cds; vif protein (vif), vpr protein (vpr), tat protein (tat), rev protein (rev), and vpu protein (vpu) genes, complete cds; nonfunctional env protein (env) gene, complete sequence; and nef protein (nef) gene, complete cds",IN,255,AAC,S,N,IN:S255N,No
"JN248592.1 HIV-1 isolate 09NG.SC61 from Nigeria nonfunctional gag protein (gag) gene, partial sequence; pol protein (pol) gene, partial cds; vif protein (vif), vpr protein (vpr), tat protein (tat), rev protein (rev), and vpu protein (vpu) genes, complete cds; nonfunctional env protein (env) gene, complete sequence; and nef protein (nef) gene, complete cds",IN,283,GGT,S,G,IN:S283G,No